-- MySQL dump 10.13  Distrib 8.0.19, for Win64 (x86_64)
--
-- Host: localhost    Database: ciberseguranca
-- ------------------------------------------------------
-- Server version	8.0.41

/*!40101 SET @OLD_CHARACTER_SET_CLIENT=@@CHARACTER_SET_CLIENT */;
/*!40101 SET @OLD_CHARACTER_SET_RESULTS=@@CHARACTER_SET_RESULTS */;
/*!40101 SET @OLD_COLLATION_CONNECTION=@@COLLATION_CONNECTION */;
/*!50503 SET NAMES utf8mb4 */;
/*!40103 SET @OLD_TIME_ZONE=@@TIME_ZONE */;
/*!40103 SET TIME_ZONE='+00:00' */;
/*!40014 SET @OLD_UNIQUE_CHECKS=@@UNIQUE_CHECKS, UNIQUE_CHECKS=0 */;
/*!40014 SET @OLD_FOREIGN_KEY_CHECKS=@@FOREIGN_KEY_CHECKS, FOREIGN_KEY_CHECKS=0 */;
/*!40101 SET @OLD_SQL_MODE=@@SQL_MODE, SQL_MODE='NO_AUTO_VALUE_ON_ZERO' */;
/*!40111 SET @OLD_SQL_NOTES=@@SQL_NOTES, SQL_NOTES=0 */;

--
-- Table structure for table `dispositivos`
--

DROP TABLE IF EXISTS `dispositivos`;
/*!40101 SET @saved_cs_client     = @@character_set_client */;
/*!50503 SET character_set_client = utf8mb4 */;
CREATE TABLE `dispositivos` (
  `ID` int NOT NULL,
  `DispositivoAfetado` varchar(50) DEFAULT NULL,
  PRIMARY KEY (`ID`)
) ENGINE=InnoDB DEFAULT CHARSET=utf8mb4 COLLATE=utf8mb4_0900_ai_ci;
/*!40101 SET character_set_client = @saved_cs_client */;

--
-- Dumping data for table `dispositivos`
--

LOCK TABLES `dispositivos` WRITE;
/*!40000 ALTER TABLE `dispositivos` DISABLE KEYS */;
INSERT INTO `dispositivos` VALUES (1,'device_1'),(2,'device_2'),(3,'device_3'),(4,'device_4'),(5,'device_5'),(6,'device_6'),(7,'device_7'),(8,'device_8'),(9,'device_9'),(10,'device_10'),(11,'device_11'),(12,'device_12'),(13,'device_13'),(14,'device_14'),(15,'device_15'),(16,'device_16'),(17,'device_17'),(18,'device_18'),(19,'device_19'),(20,'device_20'),(21,'device_21'),(22,'device_22'),(23,'device_23'),(24,'device_24'),(25,'device_25'),(26,'device_26'),(27,'device_27'),(28,'device_28'),(29,'device_29'),(30,'device_30'),(31,'device_31'),(32,'device_32'),(33,'device_33'),(34,'device_34'),(35,'device_35'),(36,'device_36'),(37,'device_37'),(38,'device_38'),(39,'device_39'),(40,'device_40'),(41,'device_41'),(42,'device_42'),(43,'device_43'),(44,'device_44'),(45,'device_45'),(46,'device_46'),(47,'device_47'),(48,'device_48'),(49,'device_49'),(50,'device_50'),(51,'device_51'),(52,'device_52'),(53,'device_53'),(54,'device_54'),(55,'device_55'),(56,'device_56'),(57,'device_57'),(58,'device_58'),(59,'device_59'),(60,'device_60'),(61,'device_61'),(62,'device_62'),(63,'device_63'),(64,'device_64'),(65,'device_65'),(66,'device_66'),(67,'device_67'),(68,'device_68'),(69,'device_69'),(70,'device_70'),(71,'device_71'),(72,'device_72'),(73,'device_73'),(74,'device_74'),(75,'device_75'),(76,'device_76'),(77,'device_77'),(78,'device_78'),(79,'device_79'),(80,'device_80'),(81,'device_81'),(82,'device_82'),(83,'device_83'),(84,'device_84'),(85,'device_85'),(86,'device_86'),(87,'device_87'),(88,'device_88'),(89,'device_89'),(90,'device_90'),(91,'device_91'),(92,'device_92'),(93,'device_93'),(94,'device_94'),(95,'device_95'),(96,'device_96'),(97,'device_97'),(98,'device_98'),(99,'device_99'),(100,'device_100');
/*!40000 ALTER TABLE `dispositivos` ENABLE KEYS */;
UNLOCK TABLES;

--
-- Table structure for table `incidentes`
--

DROP TABLE IF EXISTS `incidentes`;
/*!40101 SET @saved_cs_client     = @@character_set_client */;
/*!50503 SET character_set_client = utf8mb4 */;
CREATE TABLE `incidentes` (
  `ID` int NOT NULL,
  `TipoAtaqueID` int DEFAULT NULL,
  `OrigemID` int DEFAULT NULL,
  `UsuarioID` int DEFAULT NULL,
  `DispositivoID` int DEFAULT NULL,
  `Data` date DEFAULT NULL,
  `SeveridadeID` int DEFAULT NULL,
  `TempoResposta` float DEFAULT NULL,
  PRIMARY KEY (`ID`),
  KEY `TipoAtaqueID` (`TipoAtaqueID`),
  KEY `OrigemID` (`OrigemID`),
  KEY `UsuarioID` (`UsuarioID`),
  KEY `DispositivoID` (`DispositivoID`),
  KEY `SeveridadeID` (`SeveridadeID`),
  CONSTRAINT `incidentes_ibfk_1` FOREIGN KEY (`TipoAtaqueID`) REFERENCES `tiposataques` (`ID`),
  CONSTRAINT `incidentes_ibfk_2` FOREIGN KEY (`OrigemID`) REFERENCES `localizacoes` (`ID`),
  CONSTRAINT `incidentes_ibfk_3` FOREIGN KEY (`UsuarioID`) REFERENCES `usuarios` (`ID`),
  CONSTRAINT `incidentes_ibfk_4` FOREIGN KEY (`DispositivoID`) REFERENCES `dispositivos` (`ID`),
  CONSTRAINT `incidentes_ibfk_5` FOREIGN KEY (`SeveridadeID`) REFERENCES `severidade` (`ID`)
) ENGINE=InnoDB DEFAULT CHARSET=utf8mb4 COLLATE=utf8mb4_0900_ai_ci;
/*!40101 SET character_set_client = @saved_cs_client */;

--
-- Dumping data for table `incidentes`
--

LOCK TABLES `incidentes` WRITE;
/*!40000 ALTER TABLE `incidentes` DISABLE KEYS */;
INSERT INTO `incidentes` VALUES (1,2,9,34,74,'2024-07-30',1,32.83),(2,5,1,31,5,'2024-05-24',3,5.74),(3,4,7,39,90,'2024-07-22',4,13.86),(4,2,6,88,31,'2024-09-23',2,26.17),(5,3,8,78,95,'2024-05-01',2,31.09),(6,6,7,49,16,'2024-03-10',2,53.86),(7,3,1,64,82,'2024-12-18',2,39.61),(8,3,2,11,38,'2024-08-03',4,14.2),(9,2,2,87,65,'2024-03-04',1,29.56),(10,5,9,78,91,'2024-11-05',1,25.16),(11,1,3,2,19,'2024-10-06',2,1.65),(12,3,2,39,87,'2024-10-09',2,25.33),(13,4,1,3,54,'2024-05-04',1,5.16),(14,2,3,80,60,'2024-12-10',4,36.75),(15,3,3,5,23,'2024-10-08',4,14.65),(16,2,3,45,7,'2024-02-02',4,62.29),(17,6,2,47,55,'2025-01-01',2,56.75),(18,2,5,44,68,'2024-07-14',4,32.74),(19,5,10,99,84,'2024-09-28',4,40.03),(20,4,6,44,29,'2024-03-26',3,39.18),(21,2,9,68,52,'2024-04-14',2,41.31),(22,3,8,27,26,'2024-08-08',2,33.81),(23,2,5,39,86,'2024-03-09',1,16.92),(24,5,3,2,76,'2024-08-02',1,69.3),(25,4,6,21,12,'2024-07-17',4,2.43),(26,2,3,84,56,'2024-10-27',1,41.89),(27,6,7,98,95,'2024-07-08',2,68.74),(28,2,4,3,77,'2024-03-29',2,30.06),(29,4,10,91,12,'2025-01-13',4,28.32),(30,6,8,13,21,'2024-05-03',2,0.93),(31,1,2,11,43,'2024-01-26',4,1.22),(32,2,5,8,63,'2024-10-04',2,11.35),(33,5,6,98,9,'2024-05-12',3,71.93),(34,5,2,12,35,'2024-09-07',2,57.28),(35,6,8,80,77,'2024-09-10',2,64.88),(36,3,10,32,8,'2024-03-24',3,71.69),(37,4,3,34,60,'2024-09-12',2,26.02),(38,6,1,5,90,'2025-02-22',1,33.3),(39,5,8,24,19,'2024-07-10',2,49.61),(40,5,3,69,36,'2024-02-04',4,34.38),(41,6,7,73,20,'2024-02-24',3,68.01),(42,6,6,44,55,'2024-11-08',1,17.22),(43,6,3,15,92,'2024-06-06',4,7.59),(44,2,4,21,10,'2024-09-05',2,47.41),(45,5,4,59,97,'2024-12-02',1,63.52),(46,5,4,83,41,'2024-03-29',4,2.15),(47,1,5,17,19,'2025-02-01',2,11.37),(48,2,8,59,52,'2024-03-25',2,10.76),(49,5,2,45,94,'2024-06-06',3,55.03),(50,1,7,21,46,'2024-04-28',2,57.15),(51,6,1,3,64,'2025-01-27',2,34.81),(52,6,7,53,27,'2024-06-29',2,33.83),(53,4,1,32,61,'2024-05-25',4,45.82),(54,4,5,57,54,'2024-05-22',1,66.55),(55,5,6,72,56,'2024-03-04',1,65.64),(56,3,6,29,45,'2024-09-13',3,8.22),(57,2,3,81,89,'2024-03-11',1,40.99),(58,5,7,76,17,'2024-03-25',1,37.33),(59,3,2,37,15,'2024-01-19',4,49.33),(60,2,9,19,36,'2025-01-02',2,69.85),(61,5,9,64,100,'2024-02-24',2,4.87),(62,1,2,26,2,'2025-01-06',1,67.26),(63,6,1,61,83,'2024-12-23',2,43.58),(64,5,9,16,43,'2024-11-13',2,39.12),(65,3,2,8,55,'2024-03-22',4,39.4),(66,4,6,96,68,'2024-12-24',1,66.78),(67,2,5,19,74,'2024-02-16',2,46.46),(68,2,2,40,59,'2025-01-27',3,17.86),(69,4,10,27,58,'2024-01-19',4,32.58),(70,2,9,23,90,'2024-08-29',3,59.47),(71,3,2,26,75,'2024-11-12',3,17.05),(72,2,7,27,56,'2024-07-10',4,56.15),(73,5,4,15,48,'2024-05-16',2,15.34),(74,4,4,3,58,'2024-07-26',3,27.1),(75,2,7,89,5,'2024-11-01',1,17.7),(76,4,10,91,4,'2025-01-30',4,46.77),(77,2,8,59,54,'2025-01-28',4,62.31),(78,3,9,24,20,'2025-02-21',3,29.45),(79,1,8,7,10,'2024-01-12',1,28.76),(80,6,9,14,91,'2024-12-28',4,66.91),(81,1,8,62,77,'2025-01-16',4,62.69),(82,5,5,14,8,'2024-10-13',4,53.65),(83,2,3,63,74,'2024-05-27',3,7.91),(84,6,10,4,82,'2024-09-20',3,10.8),(85,6,1,6,69,'2024-01-08',1,66.56),(86,3,10,28,30,'2024-04-25',3,49.91),(87,6,6,11,62,'2024-04-22',1,70.62),(88,5,2,14,87,'2024-09-04',4,56.73),(89,5,5,37,41,'2024-11-22',1,55.35),(90,4,2,67,74,'2024-03-13',1,34.57),(91,6,10,28,47,'2024-09-14',4,21.66),(92,1,5,49,7,'2024-12-14',1,45.73),(93,5,9,22,7,'2024-06-17',2,69.32),(94,3,5,1,83,'2024-08-05',4,20.3),(95,4,9,94,72,'2024-10-02',2,30.77),(96,1,6,66,23,'2024-06-30',1,9.64),(97,6,7,81,46,'2025-02-18',1,23.04),(98,3,5,35,21,'2024-10-27',3,28.47),(99,6,8,31,57,'2024-11-07',1,60.57),(100,4,10,76,96,'2025-01-17',2,45.54),(101,5,4,67,27,'2024-03-13',1,51.73),(102,5,8,36,95,'2024-08-22',2,13.71),(103,2,1,10,89,'2024-12-29',1,12.61),(104,6,3,71,15,'2024-09-26',2,42.34),(105,6,4,27,29,'2024-12-23',3,29.64),(106,5,3,35,45,'2024-06-14',4,1.46),(107,4,6,5,93,'2024-09-15',1,16.22),(108,2,9,28,14,'2024-12-05',2,50.04),(109,3,6,98,60,'2024-08-11',2,61.82),(110,5,6,59,54,'2024-12-03',1,3.84),(111,2,1,96,80,'2024-03-28',3,62.99),(112,4,9,8,69,'2024-12-03',1,59.84),(113,3,6,45,33,'2025-02-28',2,69.25),(114,3,7,43,16,'2024-07-02',2,43.11),(115,4,6,50,64,'2024-11-10',2,66.91),(116,1,2,32,26,'2024-03-20',3,43.54),(117,6,9,69,31,'2024-06-13',3,25.38),(118,6,5,69,63,'2024-10-12',4,16.11),(119,2,4,80,77,'2024-12-11',3,66.21),(120,1,10,95,68,'2024-07-03',4,0.59),(121,3,8,30,22,'2024-06-03',1,25.03),(122,4,3,98,48,'2025-02-16',3,13.79),(123,5,10,24,35,'2024-04-24',1,38.15),(124,4,8,62,60,'2024-12-08',1,1.8),(125,4,7,6,55,'2024-10-08',4,14.67),(126,4,10,30,97,'2024-10-15',1,14.79),(127,3,1,4,37,'2024-07-04',1,17.56),(128,2,7,9,68,'2024-01-20',3,41.41),(129,5,9,98,13,'2024-12-20',1,58.13),(130,2,1,20,15,'2024-11-26',2,50.32),(131,4,8,86,51,'2024-07-14',3,47.65),(132,1,9,60,13,'2025-01-28',4,63.32),(133,4,2,41,44,'2024-12-21',2,52.95),(134,3,1,32,83,'2025-02-25',4,41.06),(135,4,7,82,12,'2024-03-01',2,45.92),(136,6,1,14,4,'2024-09-15',1,15.38),(137,6,1,2,99,'2024-05-16',4,49.93),(138,5,7,79,98,'2024-02-18',2,62.91),(139,2,10,100,74,'2024-05-05',2,65.9),(140,3,5,65,22,'2024-08-07',4,13.71),(141,6,6,91,99,'2024-04-05',2,30.82),(142,1,1,83,89,'2024-08-26',1,12.22),(143,2,1,20,8,'2024-07-06',2,66.83),(144,6,2,76,62,'2024-07-15',4,26.77),(145,5,8,40,64,'2024-10-19',2,55.92),(146,3,7,50,47,'2025-02-19',1,46.79),(147,2,3,85,98,'2025-01-01',3,60.76),(148,2,6,26,86,'2024-12-28',4,2.94),(149,4,3,26,20,'2024-09-21',4,31.77),(150,4,2,10,7,'2024-08-22',2,11.45),(151,6,4,78,93,'2024-02-03',3,59.17),(152,1,8,78,85,'2024-10-05',4,40.42),(153,6,4,71,68,'2024-02-13',2,35.76),(154,4,4,66,17,'2024-03-13',2,58.08),(155,1,7,61,10,'2024-09-13',1,55.74),(156,5,1,44,87,'2024-08-24',2,4.1),(157,1,10,61,18,'2024-10-12',4,69.23),(158,5,8,32,95,'2024-12-23',2,12.18),(159,3,3,49,23,'2025-02-01',4,33.04),(160,2,1,7,83,'2024-01-10',4,38.01),(161,1,3,47,63,'2024-06-02',4,51.6),(162,4,7,34,93,'2024-01-11',4,41.04),(163,1,6,69,32,'2024-02-28',1,32.08),(164,3,1,25,37,'2024-07-02',3,47.55),(165,4,2,45,22,'2024-04-26',4,8.65),(166,3,5,37,89,'2024-12-30',4,48.58),(167,3,5,53,43,'2024-11-15',4,6.51),(168,2,10,47,87,'2024-05-05',1,1.92),(169,5,10,43,2,'2024-05-03',4,67.78),(170,4,7,17,22,'2024-05-20',2,38.21),(171,5,4,7,28,'2024-10-30',2,59.6),(172,1,9,35,66,'2024-01-26',2,66.94),(173,3,8,2,94,'2024-07-09',3,52.57),(174,2,7,1,56,'2024-11-27',3,3.3),(175,3,6,33,98,'2024-07-30',1,25.98),(176,1,6,2,30,'2024-05-29',2,47.85),(177,4,7,56,16,'2024-10-06',4,42.18),(178,6,7,70,76,'2024-07-15',2,20.01),(179,2,9,15,80,'2024-12-30',4,66.96),(180,2,3,44,49,'2024-12-26',4,40.46),(181,4,7,79,81,'2025-02-22',4,6.65),(182,4,3,6,21,'2024-08-11',3,32.07),(183,1,3,9,93,'2024-01-06',1,52.66),(184,2,1,17,53,'2024-07-14',4,49.08),(185,1,4,29,25,'2024-09-24',1,49.4),(186,1,9,75,6,'2024-11-21',1,28.48),(187,2,5,55,35,'2024-11-22',1,48.89),(188,1,9,51,81,'2025-02-02',3,3.4),(189,4,8,31,50,'2024-03-07',2,2.27),(190,4,6,9,70,'2024-06-11',4,6.88),(191,2,9,2,74,'2025-02-20',4,42.34),(192,3,10,1,15,'2024-09-05',4,2.08),(193,3,9,66,89,'2024-10-07',3,35.72),(194,2,5,45,39,'2024-12-19',1,70.05),(195,1,5,88,87,'2024-06-26',3,57.99),(196,5,7,8,50,'2024-11-06',4,38.83),(197,6,4,73,89,'2024-03-22',4,37.57),(198,1,6,37,50,'2024-05-03',4,54.85),(199,5,3,16,59,'2024-01-27',1,6.79),(200,4,10,59,1,'2024-03-06',4,18.11),(201,4,5,71,19,'2024-08-08',3,53.6),(202,1,1,26,99,'2025-01-30',2,9.16),(203,6,5,46,92,'2025-01-20',1,44.2),(204,2,5,39,14,'2024-08-26',4,62.6),(205,5,8,33,9,'2024-09-02',4,26.86),(206,2,1,83,86,'2024-08-12',2,27.71),(207,5,2,89,31,'2024-03-08',3,64.7),(208,1,1,45,50,'2024-10-10',1,7.13),(209,3,10,36,64,'2024-11-05',4,47.09),(210,3,7,93,43,'2024-10-01',3,53.02),(211,5,6,77,24,'2024-02-01',3,24.58),(212,6,8,32,58,'2024-05-09',2,21.45),(213,4,5,78,23,'2024-04-18',1,32.66),(214,5,5,72,39,'2024-08-23',1,44.56),(215,4,1,58,92,'2024-03-27',3,23.52),(216,1,7,82,17,'2024-08-09',4,67.49),(217,5,8,36,97,'2024-02-23',3,49.15),(218,1,4,84,41,'2024-03-27',2,13.64),(219,5,10,75,3,'2024-10-09',2,28.05),(220,4,2,70,17,'2024-04-15',2,27.02),(221,5,2,49,61,'2024-11-09',2,55.68),(222,4,5,20,18,'2024-10-14',1,12.54),(223,4,8,38,41,'2025-01-08',3,31.5),(224,5,10,89,33,'2024-05-23',3,18.36),(225,2,5,78,60,'2024-10-04',1,46.32),(226,4,9,70,14,'2024-03-31',4,69.53),(227,1,8,87,29,'2024-11-25',1,66.87),(228,1,3,7,35,'2024-10-22',4,7.33),(229,2,9,36,7,'2024-06-08',4,5.88),(230,1,10,42,1,'2024-05-20',2,23.45),(231,5,4,77,11,'2024-04-27',1,38.45),(232,2,9,53,61,'2024-09-11',2,61.96),(233,5,6,61,45,'2024-05-04',4,7.42),(234,1,1,60,47,'2024-09-19',2,46),(235,3,8,79,67,'2024-06-11',2,64.98),(236,5,5,5,37,'2024-08-22',1,45.15),(237,3,3,48,22,'2025-01-25',2,18.43),(238,4,9,83,4,'2024-07-03',1,6.78),(239,5,3,14,99,'2024-09-19',1,42.78),(240,5,1,47,35,'2024-06-30',3,20.18),(241,2,2,65,17,'2024-02-05',1,25.57),(242,6,4,19,35,'2024-07-17',3,6.45),(243,2,1,90,29,'2024-11-25',2,58.14),(244,2,2,16,44,'2024-01-24',3,16.78),(245,6,6,27,13,'2024-12-30',3,29.9),(246,2,9,54,39,'2024-10-07',2,48.48),(247,1,3,98,21,'2024-02-27',1,7.99),(248,3,8,82,82,'2025-02-17',4,36.27),(249,1,5,26,51,'2024-10-22',3,4.6),(250,6,4,85,68,'2024-09-01',4,55.41),(251,1,2,2,7,'2024-06-28',3,46.03),(252,5,10,47,77,'2024-02-29',4,53.42),(253,6,5,43,1,'2025-02-11',2,51.44),(254,3,1,44,75,'2024-06-24',2,50.07),(255,2,4,23,43,'2024-12-23',2,27.74),(256,5,6,67,53,'2024-05-17',1,66.35),(257,4,5,8,69,'2024-11-15',2,67.7),(258,4,6,67,81,'2024-08-04',4,4.49),(259,2,2,14,90,'2024-11-09',4,48.71),(260,3,1,39,24,'2024-08-28',2,16.13),(261,1,10,28,53,'2025-02-25',2,9.24),(262,6,3,25,64,'2024-12-30',2,46.7),(263,1,5,54,68,'2024-08-21',3,14.56),(264,5,7,4,82,'2025-02-26',2,13.22),(265,6,4,46,21,'2024-01-10',4,58.44),(266,4,3,73,43,'2024-11-26',1,48.49),(267,6,6,24,51,'2025-01-30',4,4.41),(268,5,6,42,49,'2025-01-04',1,22.71),(269,4,8,42,32,'2024-07-20',3,51.03),(270,4,6,3,62,'2024-10-22',2,41.23),(271,3,2,47,96,'2024-04-14',2,48.8),(272,4,3,41,100,'2024-09-13',1,35.89),(273,5,1,26,26,'2025-02-17',2,24.66),(274,4,6,82,82,'2024-06-23',3,27.32),(275,6,4,36,89,'2024-12-18',2,41.61),(276,6,3,39,62,'2025-02-26',2,63.88),(277,2,1,63,89,'2024-06-12',4,0.62),(278,4,5,82,38,'2024-05-26',3,15.63),(279,1,3,29,49,'2024-11-06',2,9.82),(280,4,2,2,80,'2024-02-25',3,6.11),(281,2,3,13,94,'2025-01-12',2,9.79),(282,6,7,86,78,'2024-11-27',2,30.65),(283,6,8,57,100,'2024-10-12',1,1.53),(284,3,4,74,98,'2024-12-26',2,66.22),(285,5,9,32,23,'2024-06-02',3,62.72),(286,3,10,94,8,'2024-10-03',1,58.12),(287,6,2,52,63,'2024-07-08',3,19.65),(288,4,4,54,95,'2024-04-01',3,68.51),(289,3,3,75,55,'2024-06-19',3,21.05),(290,2,7,26,57,'2024-11-08',3,17.17),(291,5,9,86,88,'2024-12-09',1,43.1),(292,2,9,97,16,'2024-11-15',4,30.54),(293,6,7,19,23,'2024-06-22',4,9.94),(294,2,9,81,86,'2024-09-23',1,14.23),(295,4,1,87,18,'2025-02-19',3,14.51),(296,1,5,43,72,'2024-06-16',1,27.33),(297,4,8,70,23,'2025-01-26',1,48.68),(298,4,10,73,23,'2024-12-12',1,66.62),(299,3,2,14,66,'2024-01-27',1,23.47),(300,2,1,9,54,'2024-01-21',2,62.47),(301,2,10,10,2,'2024-02-13',4,45.09),(302,5,3,81,10,'2024-11-08',1,48.44),(303,1,9,83,93,'2024-12-11',4,54.21),(304,2,6,11,2,'2024-10-19',1,20.76),(305,3,7,88,61,'2025-02-04',4,25.69),(306,5,1,74,9,'2024-05-16',3,25.31),(307,5,8,45,46,'2024-02-04',2,30.06),(308,2,7,72,24,'2024-07-27',3,52.37),(309,6,8,24,8,'2024-05-23',4,26.91),(310,4,6,64,77,'2024-11-14',3,15.1),(311,1,1,61,10,'2024-05-17',2,34.97),(312,6,1,42,28,'2024-02-09',1,68.9),(313,2,8,33,4,'2025-02-21',4,14.33),(314,5,4,27,12,'2024-02-28',2,20.8),(315,5,4,100,38,'2025-01-28',2,0.75),(316,5,6,71,63,'2024-09-01',1,22.19),(317,3,7,42,43,'2024-02-18',2,12.43),(318,2,8,17,11,'2024-10-04',3,18.03),(319,4,8,56,52,'2024-06-03',1,24.12),(320,5,10,28,97,'2024-12-23',1,46.12),(321,2,10,92,45,'2025-01-20',4,51.15),(322,5,2,99,21,'2024-12-06',1,43.74),(323,2,6,70,86,'2025-02-18',4,47.27),(324,6,10,72,4,'2024-09-04',1,36.77),(325,5,3,99,88,'2024-08-12',4,58.64),(326,4,1,16,74,'2024-03-04',4,65.49),(327,4,1,61,48,'2024-02-21',2,65.8),(328,6,9,40,31,'2024-08-18',2,3.7),(329,5,1,49,28,'2024-04-09',2,62.89),(330,3,5,57,98,'2025-02-25',3,70.18),(331,3,7,54,66,'2024-08-02',1,66.2),(332,3,5,1,1,'2024-08-17',2,52.54),(333,5,5,46,26,'2024-11-08',3,51.27),(334,5,7,60,67,'2024-10-12',3,42.73),(335,1,4,58,73,'2024-07-13',3,38.21),(336,5,9,16,95,'2025-01-02',4,14.68),(337,3,10,71,16,'2025-01-29',2,11.52),(338,5,10,5,60,'2024-01-09',3,58.15),(339,3,1,70,27,'2025-01-09',4,10.87),(340,6,5,40,23,'2024-04-13',3,18.29),(341,3,5,82,39,'2024-10-20',2,24.88),(342,3,8,58,8,'2024-05-07',3,44.78),(343,1,5,5,27,'2024-11-30',1,12.14),(344,2,9,59,95,'2024-02-25',2,56.35),(345,1,7,69,90,'2024-10-31',2,3.25),(346,2,4,28,71,'2024-04-23',1,56.57),(347,5,9,1,54,'2024-07-17',3,48.05),(348,3,3,66,45,'2024-07-17',3,47.24),(349,6,8,12,36,'2024-06-07',3,3.98),(350,1,10,11,97,'2024-02-27',1,7.21),(351,4,1,97,35,'2024-05-07',3,67.96),(352,2,5,19,25,'2024-10-27',1,23.33),(353,1,2,87,30,'2025-01-06',4,54.68),(354,6,6,12,43,'2024-04-13',3,39.89),(355,2,7,78,61,'2024-01-16',3,67.8),(356,6,5,33,61,'2024-05-05',4,37.92),(357,3,3,92,87,'2024-10-27',1,64.98),(358,1,3,38,28,'2024-01-31',3,40.32),(359,5,3,32,87,'2024-03-22',1,24.14),(360,1,4,46,65,'2025-01-28',1,12.26),(361,3,8,85,45,'2024-08-11',1,51.97),(362,1,8,55,87,'2024-01-25',3,31.53),(363,4,8,36,11,'2024-10-31',2,28.04),(364,1,3,69,87,'2024-07-09',3,60.35),(365,2,5,26,4,'2025-02-02',2,32.53),(366,6,10,36,3,'2024-04-26',4,55.31),(367,6,2,42,24,'2024-03-22',3,35.76),(368,6,6,11,64,'2024-06-28',2,48.46),(369,2,1,69,18,'2025-02-20',3,12.72),(370,4,6,99,76,'2024-01-22',4,23.63),(371,3,1,23,9,'2024-02-27',1,22.16),(372,6,8,18,44,'2024-01-29',4,39.47),(373,1,6,84,88,'2024-04-14',3,35.85),(374,1,2,6,36,'2024-06-24',3,52.55),(375,1,9,13,70,'2024-01-03',2,3.69),(376,3,4,79,23,'2024-01-15',1,11.3),(377,4,1,2,14,'2024-02-07',2,11.92),(378,6,2,39,65,'2024-07-26',1,53.87),(379,3,2,28,40,'2024-08-28',1,52.88),(380,3,6,69,64,'2024-03-30',4,43.87),(381,3,5,70,19,'2024-02-28',4,25.18),(382,4,10,36,22,'2024-01-13',3,69.4),(383,1,10,58,76,'2024-07-11',3,7.22),(384,6,4,86,85,'2024-08-02',3,0.98),(385,3,1,1,44,'2024-09-22',3,28.25),(386,5,7,63,45,'2024-04-11',3,12.87),(387,3,5,34,22,'2024-05-26',1,24.92),(388,5,4,57,91,'2025-01-20',2,11.14),(389,4,10,72,77,'2024-12-01',4,33.87),(390,4,6,89,54,'2024-06-14',4,33.17),(391,6,4,5,66,'2024-01-10',3,54.34),(392,3,9,11,83,'2024-01-11',4,58.38),(393,1,7,67,1,'2024-05-04',2,49.94),(394,1,2,69,19,'2024-05-19',4,10.03),(395,3,10,22,81,'2025-02-18',1,20.38),(396,3,8,51,13,'2024-03-20',3,71.61),(397,5,1,73,98,'2024-02-15',3,69.36),(398,2,2,78,3,'2024-05-13',3,7.08),(399,1,2,26,9,'2024-05-19',3,12.75),(400,5,3,9,90,'2024-04-23',2,8.73),(401,6,5,69,57,'2024-02-26',4,34.69),(402,2,8,5,25,'2024-06-09',1,37.94),(403,6,3,93,12,'2024-01-13',4,30.34),(404,3,4,1,82,'2025-02-07',3,54.26),(405,1,6,99,91,'2024-03-27',1,19.81),(406,3,6,39,51,'2024-05-10',3,7.5),(407,2,4,32,8,'2025-01-22',3,70.33),(408,6,2,52,79,'2024-02-06',4,17.28),(409,1,3,46,29,'2024-03-11',2,45.16),(410,6,6,81,97,'2025-02-27',4,55.63),(411,5,5,100,89,'2024-11-22',3,24.59),(412,2,9,80,4,'2024-05-16',2,62.38),(413,6,6,25,45,'2024-02-05',2,35.52),(414,2,5,62,85,'2024-01-23',4,50.87),(415,4,3,7,31,'2024-10-16',4,18.08),(416,3,10,53,65,'2024-06-06',4,33.85),(417,5,4,50,20,'2024-11-18',4,67.83),(418,1,10,89,7,'2024-11-20',2,0.96),(419,4,8,59,65,'2024-04-18',1,12.87),(420,2,9,50,61,'2024-10-11',1,49.84),(421,5,9,47,68,'2024-06-26',2,3.22),(422,2,1,100,100,'2025-01-04',1,62.58),(423,1,2,49,32,'2025-01-29',1,60.59),(424,6,10,4,92,'2024-01-05',1,69.63),(425,6,7,85,12,'2024-05-05',3,68.75),(426,4,1,17,27,'2025-01-23',1,11.29),(427,6,4,55,71,'2025-02-25',3,58.88),(428,5,2,62,76,'2024-03-17',3,10.33),(429,3,9,44,18,'2024-07-16',1,4.23),(430,4,3,81,6,'2024-06-29',3,40.63),(431,6,2,40,12,'2024-09-15',3,68.39),(432,3,2,14,1,'2025-02-16',2,44.39),(433,6,1,30,24,'2024-08-16',4,55.23),(434,2,9,21,81,'2024-01-18',3,29.18),(435,1,7,3,38,'2024-12-13',2,7.29),(436,3,7,73,41,'2024-08-22',2,16.46),(437,2,1,85,74,'2024-03-21',2,7.06),(438,3,1,44,81,'2024-05-05',1,11.99),(439,2,5,77,83,'2024-01-18',3,52.97),(440,2,5,93,47,'2024-02-27',1,13.09),(441,1,4,92,4,'2024-02-24',2,67.05),(442,5,10,81,53,'2024-12-04',1,46.45),(443,5,1,99,75,'2024-06-08',1,11.95),(444,2,3,21,37,'2025-01-28',3,67.24),(445,6,2,82,100,'2024-03-17',4,44.06),(446,4,10,100,28,'2024-01-17',4,19.99),(447,1,1,65,20,'2024-12-07',3,30.14),(448,2,5,9,2,'2024-04-22',3,7),(449,5,7,72,98,'2024-08-30',3,31.71),(450,4,6,100,4,'2024-12-23',2,65.97),(451,5,8,91,58,'2024-03-05',3,3.96),(452,5,1,28,15,'2025-01-11',3,66.27),(453,6,9,55,72,'2024-01-23',3,5.15),(454,2,7,77,86,'2024-02-09',4,60.21),(455,6,4,20,69,'2024-05-11',3,26.73),(456,4,8,65,42,'2024-11-11',4,30.17),(457,1,4,76,82,'2024-06-01',2,24.43),(458,6,1,15,37,'2024-04-28',2,25.24),(459,4,10,29,41,'2025-01-01',4,47.66),(460,6,10,54,95,'2024-09-15',3,11),(461,5,8,22,77,'2024-12-17',2,5.96),(462,1,1,31,13,'2024-12-01',2,45.83),(463,3,4,10,5,'2024-08-05',1,66.62),(464,2,1,73,58,'2024-12-17',2,66.37),(465,3,4,73,95,'2024-03-01',3,37.57),(466,3,6,12,78,'2025-02-23',4,37.65),(467,2,5,96,93,'2024-02-03',4,8.88),(468,6,10,57,60,'2024-10-28',4,30.41),(469,6,5,40,69,'2024-04-06',3,57.61),(470,5,5,32,11,'2025-02-19',3,47.56),(471,6,9,31,12,'2024-03-15',4,40.6),(472,5,9,77,76,'2024-10-25',4,63.2),(473,4,1,89,30,'2024-10-10',4,50.1),(474,1,8,74,65,'2024-03-20',1,69.49),(475,1,2,34,80,'2024-08-04',4,51.74),(476,3,3,53,52,'2024-04-16',1,26.52),(477,4,6,75,40,'2024-05-01',3,8.79),(478,5,5,61,42,'2024-02-11',3,70.47),(479,5,3,58,26,'2024-09-14',2,19.13),(480,4,9,83,70,'2024-01-12',1,66.32),(481,6,4,70,74,'2024-10-02',4,68.21),(482,4,1,42,14,'2025-02-26',4,39.56),(483,2,7,61,54,'2024-01-07',3,64.9),(484,2,2,51,79,'2024-10-12',3,30.42),(485,6,5,67,40,'2024-12-14',1,11.51),(486,4,9,57,54,'2024-03-20',4,26.78),(487,5,4,74,99,'2024-01-31',4,54.4),(488,2,1,24,73,'2024-10-10',4,60.82),(489,2,1,77,46,'2024-07-10',1,49.58),(490,3,4,87,88,'2024-04-06',1,9.85),(491,5,2,93,29,'2024-12-09',3,1.3),(492,4,1,97,29,'2025-01-30',3,9.01),(493,1,5,66,47,'2025-02-12',4,68.81),(494,1,6,26,41,'2024-10-15',2,23.57),(495,2,2,98,77,'2025-02-13',2,64.32),(496,6,8,28,28,'2024-04-21',2,22.57),(497,1,4,14,8,'2025-02-11',1,2.85),(498,1,7,1,54,'2024-03-30',2,17.15),(499,2,6,94,68,'2024-07-11',1,62.63),(500,3,4,82,39,'2024-02-20',3,17.56),(501,2,6,59,77,'2024-09-19',2,67.52),(502,4,6,60,75,'2024-06-18',3,64.67),(503,4,3,7,91,'2024-05-23',4,47.87),(504,1,1,24,13,'2024-08-24',4,22.16),(505,4,1,14,34,'2024-05-10',3,41.12),(506,4,9,100,32,'2024-06-18',4,32.47),(507,1,1,32,28,'2024-07-22',1,8.05),(508,1,5,80,35,'2024-02-25',2,39.12),(509,3,8,79,85,'2024-01-27',2,11.05),(510,6,10,52,81,'2024-12-18',2,67.58),(511,6,1,23,86,'2024-10-09',2,4.08),(512,6,9,70,42,'2024-12-28',4,11.42),(513,2,6,25,73,'2024-12-26',4,49.06),(514,3,8,15,61,'2024-04-20',4,71.29),(515,2,2,68,18,'2024-02-14',3,62.37),(516,2,9,14,93,'2024-05-04',3,29.73),(517,2,2,46,30,'2024-02-02',2,19.26),(518,2,10,21,15,'2024-02-04',3,12.89),(519,3,6,62,22,'2024-08-10',1,20.15),(520,6,6,25,18,'2025-02-16',1,12.93),(521,6,3,98,25,'2024-06-16',4,50.02),(522,1,4,87,46,'2024-08-06',1,20.4),(523,2,2,9,34,'2024-12-23',3,58.81),(524,3,5,70,23,'2024-09-29',4,37.3),(525,3,3,89,86,'2024-12-12',2,61.72),(526,6,7,74,99,'2024-04-20',1,65.84),(527,4,4,40,70,'2024-07-23',3,3.62),(528,4,5,18,7,'2024-12-21',3,17.72),(529,3,2,20,62,'2025-01-16',2,57.49),(530,1,7,88,1,'2024-05-15',1,3.31),(531,1,1,23,68,'2025-02-04',2,57.97),(532,4,8,70,94,'2024-04-27',3,8.16),(533,4,8,23,53,'2024-05-08',1,59.87),(534,6,4,65,34,'2025-02-16',2,28.59),(535,4,9,5,7,'2025-01-15',3,37.44),(536,6,4,76,77,'2024-03-19',3,30.78),(537,2,3,76,74,'2024-11-27',4,57.24),(538,4,1,55,62,'2024-03-11',1,24.38),(539,3,6,31,56,'2024-07-21',2,43.49),(540,1,10,100,21,'2024-05-16',3,62.58),(541,5,2,89,44,'2024-03-09',2,65.58),(542,2,4,95,67,'2024-08-26',2,1.08),(543,2,7,30,30,'2024-09-03',2,26.72),(544,3,9,10,71,'2024-08-03',4,33.51),(545,4,10,73,4,'2024-12-16',1,11.51),(546,4,8,97,81,'2024-04-08',4,7.63),(547,5,5,58,9,'2024-05-01',2,44.88),(548,5,10,47,98,'2024-09-10',4,25.38),(549,6,8,3,96,'2024-09-30',2,8.13),(550,5,5,10,28,'2024-10-03',4,26.87),(551,6,5,25,11,'2024-12-23',2,51.75),(552,6,6,76,69,'2024-08-22',4,47.64),(553,1,1,35,38,'2024-08-16',1,38.81),(554,5,7,42,36,'2024-08-19',1,44.95),(555,6,5,99,65,'2024-07-08',2,48.11),(556,6,9,10,86,'2024-04-10',1,11.62),(557,2,10,47,36,'2024-11-25',3,57.63),(558,1,3,9,42,'2024-10-17',3,70.88),(559,6,2,1,6,'2024-08-10',1,17.31),(560,6,10,55,73,'2024-03-16',4,69.86),(561,3,10,48,47,'2024-09-16',3,47.79),(562,5,1,27,31,'2024-02-13',1,40.47),(563,5,10,27,3,'2024-08-13',2,58.15),(564,6,9,24,4,'2024-03-14',1,67.98),(565,2,6,41,75,'2024-11-12',4,55.68),(566,2,8,35,4,'2024-09-08',4,68.87),(567,5,9,44,31,'2024-04-27',3,42.01),(568,4,2,32,1,'2024-07-20',3,24.17),(569,1,7,43,89,'2024-05-18',2,25.67),(570,3,9,63,12,'2024-03-28',2,48.81),(571,1,8,4,30,'2024-12-31',3,67.86),(572,3,5,40,61,'2025-01-10',1,42.02),(573,5,8,6,5,'2024-01-24',3,51.71),(574,2,8,57,48,'2025-01-13',3,43.63),(575,1,8,87,20,'2024-04-25',3,63.12),(576,6,8,10,17,'2024-08-23',3,46.75),(577,5,6,10,93,'2025-01-19',4,5.8),(578,6,2,31,100,'2024-05-25',1,21.42),(579,1,9,22,56,'2024-12-05',4,64.07),(580,5,1,48,34,'2024-10-04',4,53.44),(581,4,2,20,17,'2024-06-09',3,10.72),(582,5,8,73,99,'2024-07-30',3,39.36),(583,5,6,25,18,'2025-01-10',4,42.15),(584,2,2,1,60,'2025-01-05',2,16.11),(585,2,3,100,34,'2024-05-28',2,70.71),(586,1,8,75,43,'2024-09-04',3,5.82),(587,3,5,100,24,'2025-02-21',2,48.8),(588,5,6,25,17,'2024-09-18',1,68.68),(589,2,5,100,83,'2024-08-18',2,57.62),(590,1,9,18,18,'2025-01-19',3,69.84),(591,5,2,58,8,'2024-03-07',3,7.32),(592,6,8,1,94,'2025-01-25',3,48.76),(593,6,9,96,93,'2024-05-24',4,22.37),(594,4,7,70,58,'2024-12-07',2,43.07),(595,4,5,14,11,'2025-02-28',2,53.81),(596,3,5,53,12,'2024-11-19',1,61.9),(597,6,6,30,4,'2025-02-26',1,35.28),(598,1,9,59,55,'2024-02-10',4,66.17),(599,3,4,47,71,'2024-01-21',4,71.62),(600,4,9,5,21,'2024-09-28',2,42.11),(601,4,8,90,37,'2024-08-02',2,64.38),(602,2,10,31,100,'2024-09-16',1,22.32),(603,1,2,51,85,'2024-02-01',3,54.6),(604,6,7,78,24,'2024-11-18',3,9.82),(605,3,9,90,57,'2024-01-18',4,27.38),(606,1,5,78,91,'2024-07-21',1,66.57),(607,3,4,70,72,'2024-03-26',4,30.43),(608,4,3,86,64,'2024-04-21',1,18.65),(609,2,3,73,20,'2024-09-03',3,51.7),(610,6,10,26,64,'2024-09-19',3,9.35),(611,5,4,64,22,'2024-05-29',1,35.76),(612,3,8,14,68,'2024-07-10',1,8.41),(613,4,6,34,83,'2025-01-25',2,71.95),(614,5,9,53,37,'2024-11-20',2,45.38),(615,1,6,100,61,'2024-11-09',2,1.55),(616,6,9,49,74,'2024-04-14',2,12.2),(617,3,10,76,13,'2024-12-27',2,22.09),(618,5,1,85,74,'2024-05-18',2,53.63),(619,6,2,68,63,'2024-12-27',4,33.19),(620,4,1,61,48,'2024-11-16',1,6),(621,3,7,63,61,'2024-01-23',3,69.68),(622,3,8,85,7,'2024-09-06',2,59.53),(623,1,5,44,87,'2025-01-08',1,24.37),(624,1,3,80,62,'2024-08-22',4,11.21),(625,2,1,9,64,'2024-07-05',1,15.33),(626,6,3,53,52,'2024-03-14',4,47.07),(627,3,9,59,43,'2024-02-11',2,39.07),(628,4,8,40,44,'2025-02-27',3,30.75),(629,4,9,81,14,'2024-08-15',3,14.98),(630,4,3,22,27,'2025-01-13',2,45.55),(631,6,8,65,79,'2024-11-08',3,46.13),(632,3,7,6,28,'2024-01-24',2,41.2),(633,4,6,24,1,'2024-07-07',4,30.22),(634,1,9,36,95,'2024-02-26',1,35.87),(635,2,8,43,62,'2025-01-19',4,14.07),(636,4,4,51,12,'2024-03-02',3,14.19),(637,3,6,58,34,'2024-01-07',2,20.62),(638,4,4,69,12,'2024-03-26',1,67.71),(639,2,2,68,59,'2024-06-27',1,2.71),(640,1,9,65,10,'2024-10-18',1,2.81),(641,2,8,26,36,'2024-06-08',2,48.74),(642,6,4,38,55,'2025-01-31',3,30.9),(643,6,3,23,63,'2024-03-03',4,16.85),(644,3,3,55,47,'2024-11-01',1,38.57),(645,2,4,70,20,'2024-09-10',1,19.25),(646,4,9,82,68,'2024-11-30',1,69.45),(647,3,5,33,63,'2024-12-29',2,18.56),(648,4,1,17,59,'2024-06-06',1,48.12),(649,4,7,89,5,'2024-12-23',1,34.49),(650,4,8,30,30,'2024-01-04',2,42.67),(651,5,5,25,1,'2024-07-10',1,19.67),(652,4,6,67,94,'2024-10-17',2,52.7),(653,5,8,6,18,'2024-07-03',1,37.03),(654,6,10,73,27,'2024-08-04',3,42.19),(655,2,4,50,17,'2024-01-25',1,38.99),(656,2,5,86,51,'2024-05-14',1,8.24),(657,1,9,31,54,'2024-12-28',3,21.15),(658,2,9,55,56,'2024-01-07',1,12.26),(659,4,6,86,8,'2024-09-01',3,63.8),(660,4,3,40,20,'2024-04-14',1,20.95),(661,6,9,24,89,'2024-11-03',3,69.09),(662,4,7,84,89,'2024-03-09',4,71.65),(663,5,9,66,69,'2024-03-17',1,10.01),(664,3,10,17,78,'2024-01-20',1,16.44),(665,1,9,29,35,'2024-06-04',2,25.83),(666,4,8,74,36,'2024-07-20',2,30.65),(667,5,5,33,20,'2024-02-02',3,16.7),(668,5,9,83,77,'2024-12-30',3,51.53),(669,6,10,64,89,'2024-12-22',4,36.96),(670,3,10,63,76,'2024-10-15',3,25.96),(671,5,3,19,63,'2025-01-24',2,56.32),(672,3,9,85,12,'2024-09-20',3,14.21),(673,4,10,39,30,'2024-08-25',1,55.79),(674,5,6,5,59,'2025-02-22',4,62.58),(675,2,7,55,91,'2024-09-01',1,21.44),(676,1,8,54,1,'2024-10-09',4,42.67),(677,5,8,36,41,'2024-06-15',3,55.9),(678,3,8,87,75,'2025-02-23',2,25.07),(679,4,2,34,66,'2024-08-24',4,4.88),(680,5,3,92,96,'2024-03-30',4,43.97),(681,3,4,31,16,'2024-04-22',4,15.78),(682,6,9,2,18,'2024-08-05',4,40.14),(683,6,3,61,16,'2024-03-06',3,67.77),(684,6,8,31,30,'2024-11-08',1,9.87),(685,3,2,59,54,'2024-10-28',4,18.09),(686,4,8,82,78,'2024-05-09',2,13.75),(687,4,9,59,72,'2024-04-06',4,33.34),(688,3,5,88,35,'2024-05-20',1,51.47),(689,3,10,90,10,'2024-04-08',4,45.47),(690,4,8,26,74,'2024-11-25',4,11.23),(691,2,5,35,87,'2024-08-25',4,43.86),(692,6,8,90,61,'2024-06-13',2,44.29),(693,1,6,99,67,'2025-01-07',2,22.15),(694,5,4,64,53,'2025-01-26',4,45.63),(695,1,3,56,86,'2024-12-09',4,61.43),(696,1,7,65,23,'2024-12-12',3,15.05),(697,3,1,58,50,'2024-05-28',2,54.64),(698,2,1,45,44,'2024-06-06',4,54.37),(699,5,2,67,83,'2025-02-09',1,46.54),(700,1,9,60,33,'2025-01-06',1,25.23),(701,2,7,43,18,'2024-08-23',2,5.13),(702,3,5,78,59,'2024-12-18',1,61.11),(703,1,2,81,81,'2024-11-11',3,15.19),(704,5,3,46,30,'2024-12-06',4,38.06),(705,2,6,82,31,'2024-01-01',4,35.68),(706,6,7,10,60,'2024-03-06',1,10.81),(707,1,1,80,23,'2024-10-11',2,7.55),(708,1,5,85,37,'2025-01-05',3,43.48),(709,1,4,44,55,'2024-10-29',2,68.97),(710,4,7,37,56,'2024-08-15',4,54.37),(711,4,5,23,10,'2025-01-25',2,45.23),(712,2,3,85,20,'2024-02-19',2,15.81),(713,6,1,16,57,'2024-10-20',2,52.39),(714,1,3,65,42,'2024-10-11',4,22.97),(715,2,7,11,17,'2025-01-25',1,38.52),(716,3,3,64,27,'2024-09-15',2,38.63),(717,3,9,20,85,'2024-06-21',2,47.55),(718,1,8,96,1,'2025-02-01',1,61.16),(719,5,4,5,44,'2024-01-05',3,65.86),(720,3,1,32,73,'2024-10-29',4,48.38),(721,4,7,32,66,'2024-05-25',3,5.82),(722,5,5,24,14,'2024-01-01',1,31.65),(723,4,3,56,3,'2024-08-21',3,53.79),(724,4,6,27,91,'2024-04-24',4,8.62),(725,2,7,72,52,'2024-03-30',1,20.95),(726,1,6,13,58,'2024-09-03',3,44.37),(727,4,8,51,51,'2024-04-20',4,38.1),(728,3,3,1,24,'2024-08-16',3,31.1),(729,6,1,22,46,'2024-10-13',3,40.01),(730,3,6,18,6,'2024-06-07',4,36.13),(731,2,5,43,25,'2024-01-07',2,71.41),(732,4,7,11,90,'2024-09-25',2,2.91),(733,3,6,40,43,'2024-06-11',3,32.42),(734,1,3,2,8,'2024-11-02',3,40.6),(735,4,10,6,39,'2024-01-15',1,68.73),(736,4,6,74,36,'2024-06-15',4,45.08),(737,1,8,92,55,'2025-01-21',3,44.84),(738,4,4,56,46,'2024-11-08',3,64.41),(739,4,6,6,21,'2024-10-13',1,17.35),(740,6,7,24,48,'2024-05-01',4,42.24),(741,2,1,69,4,'2025-02-24',4,71.98),(742,3,7,91,27,'2024-10-01',2,55.85),(743,3,3,50,95,'2024-07-01',2,1.89),(744,6,5,55,50,'2025-01-15',1,5.31),(745,1,7,97,83,'2024-10-24',3,24.37),(746,2,7,1,68,'2024-09-06',3,26.72),(747,5,9,58,95,'2024-08-29',1,33.66),(748,1,5,9,77,'2024-01-19',4,12.24),(749,6,7,22,77,'2024-05-11',3,61.04),(750,2,9,27,94,'2025-02-04',1,71.98),(751,6,1,61,74,'2024-08-27',1,55.55),(752,3,9,32,19,'2025-01-31',1,12.71),(753,1,2,66,67,'2024-10-02',3,37.41),(754,4,6,73,92,'2024-02-19',3,16.79),(755,6,8,1,58,'2024-03-03',1,50.57),(756,5,4,50,81,'2024-03-18',1,65.7),(757,2,8,50,74,'2024-12-14',3,10.93),(758,1,6,66,21,'2025-02-10',4,10.8),(759,5,8,30,96,'2024-07-12',4,14.1),(760,6,3,17,42,'2024-08-26',3,20),(761,6,3,62,77,'2024-06-29',4,63.49),(762,1,4,76,68,'2024-07-02',2,30.39),(763,2,9,66,51,'2024-06-26',2,27.55),(764,3,3,40,4,'2024-06-05',2,62.23),(765,1,10,47,7,'2024-12-29',4,33.39),(766,1,9,86,17,'2024-08-12',1,18.08),(767,1,3,91,100,'2024-11-24',1,37.65),(768,3,1,6,7,'2024-06-14',3,57.89),(769,5,3,18,100,'2024-05-23',4,3.95),(770,3,5,85,100,'2025-01-10',2,35.17),(771,3,8,87,20,'2024-04-27',3,58.22),(772,2,10,31,99,'2024-10-25',3,66.77),(773,5,2,15,69,'2024-09-08',4,54.65),(774,1,2,59,32,'2025-01-31',1,43.17),(775,4,9,13,65,'2024-07-24',3,7.26),(776,4,1,69,52,'2024-12-29',1,68.28),(777,6,4,22,71,'2024-09-01',4,11.79),(778,5,10,20,96,'2024-03-05',2,5.26),(779,4,3,56,32,'2024-07-05',4,66.82),(780,5,3,95,55,'2024-04-01',1,27.83),(781,2,10,74,19,'2024-01-11',1,20.17),(782,1,5,3,22,'2024-05-24',3,40.15),(783,5,9,23,18,'2024-05-10',4,30.17),(784,3,10,72,72,'2024-03-19',2,30.36),(785,1,1,88,6,'2024-08-23',1,11.17),(786,3,4,97,67,'2024-09-25',1,17.85),(787,2,10,9,59,'2024-11-26',3,38.1),(788,6,9,14,41,'2024-02-12',3,48.1),(789,2,7,94,22,'2024-06-10',3,49.45),(790,3,8,84,84,'2024-07-24',2,51.27),(791,1,10,74,88,'2024-08-06',4,63.49),(792,6,6,66,41,'2024-06-10',1,24.75),(793,5,10,81,10,'2025-01-21',2,31.06),(794,1,2,84,87,'2024-05-11',3,54.12),(795,5,2,72,45,'2024-06-20',3,19.47),(796,3,7,62,27,'2024-09-08',2,21.81),(797,5,8,41,63,'2024-05-09',2,71.61),(798,1,6,85,10,'2024-02-08',2,23.49),(799,1,3,57,98,'2024-03-02',2,10.37),(800,5,9,55,21,'2024-09-14',4,67.4),(801,4,9,14,91,'2024-06-16',2,23.36),(802,4,8,82,100,'2025-02-02',3,52.4),(803,3,8,31,11,'2024-06-18',4,2.07),(804,5,6,56,69,'2024-07-08',2,2.22),(805,4,7,90,35,'2024-03-30',3,53.17),(806,5,3,91,20,'2024-03-16',2,48.98),(807,1,1,31,69,'2024-06-30',3,26.04),(808,5,3,5,87,'2024-04-19',1,67.05),(809,6,4,71,19,'2024-01-07',1,18.1),(810,3,2,6,94,'2025-01-28',1,38.83),(811,3,4,31,37,'2025-02-11',3,50.95),(812,5,4,63,91,'2024-03-08',3,10.68),(813,5,1,92,48,'2024-05-21',3,58.17),(814,5,4,84,67,'2024-09-10',2,46.34),(815,5,7,97,56,'2024-03-02',3,60.98),(816,4,10,50,15,'2024-06-30',4,71.44),(817,2,6,39,10,'2024-01-04',4,24),(818,6,2,53,12,'2025-02-12',2,37.99),(819,6,9,18,44,'2024-07-06',3,29.48),(820,5,5,6,28,'2024-06-20',1,7.66),(821,1,2,86,96,'2024-12-08',3,16.5),(822,6,5,90,99,'2024-10-09',3,16.1),(823,4,10,90,37,'2024-08-17',3,42.92),(824,5,4,4,44,'2024-11-17',3,13.91),(825,1,6,98,85,'2024-05-07',4,12.52),(826,5,9,18,82,'2024-07-05',4,62.09),(827,1,4,6,81,'2024-10-20',2,20.09),(828,4,10,34,94,'2024-07-22',3,16.28),(829,3,1,90,27,'2024-03-07',1,3.99),(830,6,4,59,74,'2024-04-28',4,22),(831,1,5,78,31,'2024-06-03',4,46.66),(832,2,10,18,72,'2024-12-22',1,30.38),(833,5,10,82,59,'2024-06-26',1,21.13),(834,6,7,47,73,'2024-01-24',3,11.67),(835,4,7,81,14,'2024-05-21',3,62.99),(836,1,5,89,99,'2025-01-15',2,51.19),(837,5,4,76,79,'2024-04-08',1,39.13),(838,3,1,37,22,'2025-02-04',1,70),(839,5,6,96,1,'2024-07-06',2,71.7),(840,6,10,68,37,'2024-08-20',1,17.35),(841,6,1,68,79,'2024-10-19',1,46.82),(842,6,10,21,8,'2024-10-19',4,65.13),(843,4,10,65,76,'2024-01-03',1,50.94),(844,3,3,49,48,'2024-09-20',3,52.51),(845,2,5,68,6,'2024-03-31',2,68.59),(846,3,5,45,90,'2025-01-30',1,63.2),(847,5,4,28,39,'2024-05-28',3,38.71),(848,6,4,94,71,'2025-02-26',4,31.8),(849,1,10,33,27,'2024-11-28',4,56.53),(850,1,1,29,87,'2024-01-23',1,48.44),(851,3,8,6,74,'2024-04-25',1,3.78),(852,6,9,55,39,'2024-10-25',4,38.43),(853,3,1,14,25,'2024-06-28',3,39.12),(854,6,2,39,16,'2024-02-11',2,22.26),(855,5,10,63,19,'2025-02-07',1,40.73),(856,2,3,20,99,'2024-01-23',1,63.86),(857,6,9,96,5,'2025-02-28',2,26.21),(858,3,10,15,76,'2024-02-24',2,36.27),(859,3,7,21,28,'2024-10-20',4,58.22),(860,4,3,51,48,'2024-09-21',4,4.53),(861,6,1,18,81,'2024-03-28',1,44.15),(862,3,6,79,52,'2024-12-07',4,24.52),(863,3,2,70,97,'2024-09-07',1,0.55),(864,5,2,16,59,'2025-01-06',1,48.74),(865,3,4,16,62,'2024-05-16',4,61.84),(866,5,4,88,78,'2024-04-05',1,67.04),(867,4,9,11,5,'2025-01-22',2,19.03),(868,1,7,65,63,'2025-02-07',1,4.8),(869,6,9,86,77,'2024-08-01',2,32.43),(870,5,2,32,37,'2024-01-10',1,67.41),(871,2,3,54,54,'2024-02-02',3,46.18),(872,2,6,69,61,'2024-06-16',1,12.18),(873,5,4,57,4,'2025-01-04',4,56.99),(874,1,10,86,37,'2024-03-30',1,10.08),(875,2,5,66,31,'2024-07-17',2,39.13),(876,2,3,21,84,'2024-06-22',3,42.32),(877,6,7,24,44,'2024-04-22',4,58.74),(878,6,4,65,41,'2025-01-04',3,19.72),(879,1,1,25,41,'2024-03-14',2,11.53),(880,3,5,47,37,'2024-12-12',4,49.78),(881,4,4,46,85,'2024-12-30',1,4.62),(882,2,3,11,83,'2024-11-09',2,6.83),(883,5,2,65,74,'2024-06-12',3,45.84),(884,1,4,90,29,'2024-08-31',4,5.72),(885,5,10,1,3,'2024-05-20',1,16.24),(886,1,7,90,22,'2024-06-12',4,62.68),(887,4,6,1,16,'2024-07-29',3,22.79),(888,4,3,10,49,'2024-12-18',3,64.24),(889,5,4,90,17,'2024-06-22',4,16.55),(890,6,2,29,33,'2024-09-25',4,8.48),(891,1,5,96,36,'2024-11-22',1,41.15),(892,1,6,96,85,'2024-12-04',3,7.55),(893,3,1,88,16,'2024-01-20',1,46.84),(894,3,6,36,29,'2025-01-05',1,11.07),(895,6,9,77,79,'2024-06-30',3,47.22),(896,1,10,94,65,'2024-04-12',4,9.28),(897,4,4,81,40,'2024-07-13',1,64.09),(898,5,9,65,53,'2024-09-20',4,33.53),(899,4,1,82,44,'2024-10-20',2,57.21),(900,2,2,87,7,'2024-12-10',1,15.78),(901,4,8,39,77,'2025-02-25',2,10.65),(902,2,1,39,26,'2024-02-07',2,14.45),(903,4,4,18,49,'2024-01-29',1,67.13),(904,4,4,15,90,'2024-08-14',1,71.42),(905,4,3,22,45,'2024-11-30',3,47.93),(906,3,9,98,35,'2024-10-10',4,60.47),(907,1,5,38,13,'2024-05-28',1,16.39),(908,1,3,66,91,'2024-07-31',2,13.31),(909,5,5,85,7,'2024-10-06',2,48.44),(910,5,1,97,6,'2024-02-27',2,10.03),(911,2,3,58,18,'2024-03-31',2,58.14),(912,4,3,51,53,'2024-09-28',4,70.19),(913,1,2,33,80,'2024-12-07',1,18.73),(914,2,10,19,19,'2024-09-06',1,23.23),(915,5,8,26,90,'2024-10-16',2,35.04),(916,6,1,53,20,'2024-09-13',2,2.49),(917,3,10,83,42,'2024-06-03',3,4.64),(918,5,8,39,97,'2024-08-20',3,65.23),(919,2,3,39,54,'2024-01-31',4,39.95),(920,6,7,78,12,'2024-05-19',1,23.03),(921,1,4,24,58,'2024-12-23',2,13.91),(922,2,7,100,72,'2025-01-09',2,35.61),(923,5,10,73,34,'2024-03-09',1,40.8),(924,3,1,52,89,'2024-02-05',4,65.91),(925,2,3,6,24,'2024-08-06',3,53.17),(926,1,4,29,31,'2024-01-18',4,55.25),(927,2,7,82,70,'2025-02-08',1,61.15),(928,1,10,34,1,'2024-01-09',2,10.94),(929,2,10,13,36,'2025-02-05',3,3.04),(930,2,5,13,73,'2024-05-10',3,41.48),(931,5,3,55,16,'2024-01-16',4,56.93),(932,4,9,28,80,'2024-10-21',3,63.34),(933,3,8,95,77,'2024-07-05',4,12.83),(934,1,8,67,2,'2025-01-19',4,9.88),(935,4,5,6,67,'2024-12-04',3,66.65),(936,2,7,45,3,'2025-01-22',3,50.11),(937,2,8,7,15,'2024-05-31',3,24.92),(938,6,9,37,48,'2024-09-19',3,36.07),(939,6,7,95,1,'2024-03-16',4,46.67),(940,6,4,93,71,'2024-02-24',3,18.4),(941,3,5,95,14,'2024-11-19',3,26.13),(942,6,8,65,85,'2024-01-18',4,68.74),(943,3,7,13,18,'2024-09-01',2,34.33),(944,4,7,69,36,'2024-09-29',4,23.86),(945,5,9,79,55,'2024-12-27',4,14.07),(946,5,9,22,2,'2024-05-26',2,39.66),(947,5,1,55,26,'2025-01-20',3,51.2),(948,2,9,41,67,'2024-04-09',4,24.18),(949,3,2,30,62,'2024-08-24',2,4.29),(950,2,8,36,90,'2025-02-26',4,3.54),(951,1,3,57,82,'2024-05-29',1,27.8),(952,6,9,5,79,'2025-01-25',2,18.45),(953,4,4,40,5,'2024-01-21',1,38.89),(954,3,7,7,17,'2024-09-26',1,58.87),(955,3,1,61,58,'2024-06-08',2,38.68),(956,3,10,49,82,'2024-03-08',3,59.87),(957,1,3,75,97,'2024-01-19',2,1.29),(958,3,9,33,90,'2024-01-15',4,3.82),(959,5,1,18,57,'2024-07-31',1,45.75),(960,1,2,33,82,'2024-04-07',3,61.36),(961,5,5,10,20,'2025-02-13',1,17.25),(962,3,3,24,37,'2024-09-30',2,39.89),(963,1,3,79,47,'2024-05-09',1,21.14),(964,2,6,18,77,'2024-05-20',4,53.64),(965,2,3,60,11,'2024-05-22',3,9.47),(966,2,3,38,55,'2024-11-27',3,19.27),(967,5,1,31,39,'2024-04-23',1,26),(968,1,2,6,98,'2024-07-25',4,36.23),(969,5,7,16,82,'2024-05-18',3,59.82),(970,3,9,7,100,'2024-08-18',3,59.6),(971,6,3,25,30,'2025-01-06',4,55.58),(972,4,5,71,45,'2024-06-11',2,25.54),(973,4,8,48,12,'2024-03-28',1,71.73),(974,3,7,75,25,'2024-06-30',1,2.32),(975,1,4,55,84,'2025-01-30',3,41.11),(976,6,7,38,1,'2024-02-01',1,63.11),(977,2,5,29,9,'2024-10-27',4,48.01),(978,4,10,34,98,'2025-02-09',2,7.63),(979,2,4,22,52,'2024-01-06',4,34.37),(980,3,1,84,11,'2024-04-26',4,53.45),(981,2,3,3,94,'2025-01-25',3,60),(982,1,6,11,86,'2024-06-09',4,20.5),(983,4,4,54,21,'2024-10-23',2,60.38),(984,2,9,68,51,'2024-08-18',3,34.88),(985,3,8,13,39,'2024-05-26',3,7),(986,6,5,49,58,'2024-06-10',4,31.14),(987,1,7,39,50,'2024-01-26',1,69.33),(988,2,10,43,5,'2024-12-31',1,9.84),(989,6,8,51,59,'2024-04-09',1,69.06),(990,2,6,66,65,'2024-08-14',1,54.12),(991,2,10,38,77,'2025-01-04',1,30.96),(992,2,6,40,66,'2025-01-11',3,46.2),(993,4,10,12,44,'2024-09-13',1,26.33),(994,1,4,30,57,'2024-09-03',3,59.77),(995,4,4,58,61,'2024-04-10',4,63.05),(996,1,1,21,82,'2024-06-07',4,68.79),(997,1,7,74,6,'2024-04-29',4,15.36),(998,6,10,19,16,'2024-09-14',2,33.2),(999,1,6,82,26,'2024-02-13',4,10.86),(1000,6,9,37,27,'2024-05-03',2,45.6),(1001,5,9,70,63,'2025-02-23',3,71.85),(1002,6,9,59,70,'2025-01-20',4,67.82),(1003,5,9,47,82,'2024-01-04',2,64.38),(1004,4,5,32,23,'2025-02-14',3,0.73),(1005,4,1,18,92,'2024-02-17',3,35.34),(1006,2,6,87,57,'2024-05-02',4,9.82),(1007,6,2,43,54,'2024-02-11',2,69.04),(1008,6,2,97,72,'2024-08-27',3,25.48),(1009,1,10,52,5,'2024-04-08',4,62.3),(1010,6,4,97,79,'2024-02-13',1,15.4),(1011,5,6,89,64,'2024-04-03',3,34),(1012,2,2,30,99,'2024-06-07',4,63.66),(1013,3,3,17,64,'2024-07-06',3,52.43),(1014,4,10,3,96,'2024-01-19',2,57.79),(1015,1,3,40,26,'2024-10-15',1,62.45),(1016,5,7,96,61,'2024-07-22',4,64),(1017,3,2,43,79,'2024-03-03',3,49.87),(1018,5,6,90,72,'2024-05-13',2,14.35),(1019,3,1,97,13,'2024-01-08',1,37.78),(1020,6,1,21,88,'2024-04-25',3,23.43),(1021,5,2,43,4,'2025-01-22',2,28.9),(1022,1,8,41,84,'2024-06-12',3,37.08),(1023,1,8,87,10,'2024-02-08',4,36.4),(1024,1,8,52,47,'2024-02-02',3,39.98),(1025,5,4,42,71,'2024-12-23',1,70.13),(1026,6,5,76,36,'2024-10-19',2,48.6),(1027,6,7,80,19,'2024-07-22',3,70.84),(1028,4,5,5,82,'2024-08-07',2,6.88),(1029,2,7,30,99,'2024-05-16',4,32.49),(1030,6,2,70,8,'2024-01-13',3,56.46),(1031,4,7,80,58,'2024-11-12',4,27.54),(1032,2,2,48,36,'2024-05-08',1,41.95),(1033,4,5,4,49,'2024-03-05',4,16.08),(1034,5,5,93,15,'2024-06-16',2,43.17),(1035,6,6,91,43,'2024-10-31',4,17.93),(1036,4,9,87,44,'2024-06-05',2,52.52),(1037,1,4,93,19,'2024-09-10',1,23.71),(1038,5,7,33,20,'2024-02-04',4,64.58),(1039,2,5,43,92,'2024-11-27',2,18.43),(1040,1,10,33,17,'2025-01-17',4,56.84),(1041,1,1,53,83,'2024-01-02',1,18.22),(1042,2,3,34,75,'2024-04-11',2,34.35),(1043,4,6,30,59,'2024-02-14',3,51.35),(1044,4,7,12,94,'2024-04-01',4,38.82),(1045,1,7,28,61,'2024-05-13',3,2.54),(1046,3,5,8,67,'2024-03-17',2,29.95),(1047,5,5,38,39,'2024-10-25',3,52.37),(1048,1,1,53,35,'2024-03-17',2,8.55),(1049,2,9,10,1,'2024-08-15',2,50.43),(1050,2,4,54,41,'2025-02-03',3,40.5),(1051,4,10,63,15,'2024-01-29',2,70.55),(1052,2,10,13,54,'2024-12-21',1,29.95),(1053,3,7,58,36,'2024-01-10',1,48.75),(1054,4,7,67,38,'2024-04-07',3,8.98),(1055,4,8,60,39,'2025-03-01',3,24.64),(1056,2,8,11,80,'2024-02-20',2,35.73),(1057,6,3,7,8,'2024-09-10',3,19.14),(1058,1,6,2,19,'2024-09-21',4,2.22),(1059,3,3,62,49,'2024-07-29',1,56.18),(1060,5,4,76,13,'2024-03-18',2,43.07),(1061,4,4,89,98,'2024-02-09',3,21.82),(1062,3,1,62,81,'2024-07-02',3,15.45),(1063,1,6,84,95,'2024-12-17',3,21.59),(1064,4,7,94,4,'2024-05-07',4,48.37),(1065,2,3,78,68,'2024-02-22',1,31.4),(1066,6,6,97,29,'2025-01-07',3,37.42),(1067,2,9,34,67,'2024-03-03',3,46.64),(1068,4,8,100,13,'2024-02-26',2,44.82),(1069,5,9,32,36,'2024-10-14',4,65.59),(1070,3,7,52,13,'2024-04-15',1,32.17),(1071,4,4,78,49,'2024-07-14',4,50.01),(1072,4,10,46,11,'2025-01-29',3,58.3),(1073,4,10,75,31,'2025-03-01',2,12.08),(1074,2,2,90,23,'2024-04-16',2,30.04),(1075,4,2,65,37,'2024-08-29',2,22.08),(1076,1,8,70,23,'2025-01-20',1,54.78),(1077,4,3,49,97,'2024-11-07',2,65.32),(1078,6,6,62,30,'2024-07-13',2,50.69),(1079,3,5,23,12,'2025-01-15',3,19.1),(1080,6,3,95,73,'2024-05-07',4,51.66),(1081,5,6,15,1,'2024-05-19',2,4.24),(1082,6,4,96,63,'2025-02-25',3,13.85),(1083,3,2,71,64,'2024-01-25',2,39.84),(1084,1,8,7,85,'2025-01-19',1,28.31),(1085,3,8,50,18,'2024-01-11',3,64.94),(1086,2,6,68,76,'2024-10-26',4,68.93),(1087,3,5,35,43,'2024-10-10',2,34.26),(1088,4,9,53,74,'2024-10-28',4,27.3),(1089,2,10,70,60,'2024-01-29',3,10.75),(1090,6,1,22,12,'2024-12-26',2,8.54),(1091,5,10,25,100,'2024-07-18',2,65.4),(1092,5,8,54,78,'2024-07-18',3,34.8),(1093,4,4,3,4,'2024-02-09',2,4.38),(1094,1,2,65,65,'2024-05-19',4,58.74),(1095,1,7,31,22,'2024-08-18',4,22.77),(1096,5,2,62,49,'2024-08-28',3,20.47),(1097,3,8,22,43,'2024-03-10',2,5.64),(1098,3,7,56,51,'2024-08-09',2,44.16),(1099,6,6,10,12,'2024-07-16',2,63.6),(1100,3,4,22,69,'2024-03-24',4,66.1),(1101,3,6,28,37,'2024-07-04',2,27.54),(1102,1,9,93,94,'2024-06-08',2,69.71),(1103,5,3,39,24,'2024-12-04',1,24.54),(1104,1,8,27,86,'2024-12-26',3,54.84),(1105,2,4,91,80,'2025-01-17',1,58.83),(1106,3,3,62,67,'2024-06-21',2,57.01),(1107,2,4,90,44,'2024-04-25',4,64.83),(1108,3,7,89,43,'2024-11-28',2,9.64),(1109,5,9,59,86,'2025-01-29',1,41.62),(1110,1,7,81,68,'2025-02-23',1,17.07),(1111,6,2,92,88,'2024-08-02',4,17.72),(1112,1,2,4,92,'2024-12-05',2,45.39),(1113,5,7,14,58,'2024-11-02',4,42.58),(1114,6,8,78,93,'2024-05-06',4,69.7),(1115,1,10,27,57,'2024-01-10',3,18.47),(1116,6,9,47,10,'2024-06-03',2,20.38),(1117,6,6,35,18,'2024-05-21',3,43.17),(1118,4,7,17,93,'2024-01-26',1,37.23),(1119,5,8,44,93,'2024-12-02',2,60.96),(1120,5,10,61,55,'2024-03-24',3,56.83),(1121,1,1,79,6,'2024-01-15',4,26.91),(1122,4,2,32,84,'2024-10-05',4,22.8),(1123,6,1,22,26,'2025-02-07',1,34.08),(1124,1,8,39,55,'2024-11-12',3,12.24),(1125,6,9,40,64,'2025-02-06',1,58.7),(1126,1,2,88,33,'2024-06-02',1,40.07),(1127,5,1,40,21,'2024-08-14',1,9.27),(1128,6,9,97,83,'2024-12-05',2,47.35),(1129,4,7,78,18,'2024-12-31',2,21.16),(1130,4,2,60,76,'2024-03-04',1,66.67),(1131,3,3,19,85,'2024-04-24',3,68.33),(1132,5,5,79,20,'2024-01-05',4,63.15),(1133,6,6,72,12,'2025-02-02',2,1.53),(1134,3,5,75,20,'2024-07-25',2,3.07),(1135,3,1,9,40,'2024-09-24',3,16.55),(1136,1,1,45,24,'2024-03-28',3,56.66),(1137,1,10,38,35,'2024-03-08',3,19.45),(1138,5,6,45,34,'2024-03-15',1,57.62),(1139,5,2,2,24,'2024-09-30',2,63.46),(1140,3,9,44,56,'2024-04-26',4,50.09),(1141,3,8,7,38,'2024-01-03',2,14.95),(1142,4,3,14,15,'2024-11-14',4,21.28),(1143,3,5,5,53,'2024-11-24',1,57.78),(1144,1,8,11,39,'2024-02-19',2,8.1),(1145,6,3,60,79,'2025-01-05',3,52.82),(1146,4,9,70,74,'2024-01-20',2,32.79),(1147,1,2,40,58,'2024-09-02',4,18.68),(1148,5,1,39,67,'2024-05-11',3,48.9),(1149,3,8,30,63,'2024-12-21',4,70.68),(1150,5,1,56,41,'2024-06-16',1,44.51),(1151,4,3,9,48,'2024-06-24',1,46.75),(1152,2,8,74,24,'2025-01-03',2,56.06),(1153,1,8,88,4,'2024-06-03',1,45.76),(1154,5,4,92,10,'2024-10-28',3,66.97),(1155,6,5,77,11,'2024-11-08',3,58.57),(1156,5,3,58,21,'2024-07-23',1,61.05),(1157,1,7,68,57,'2024-11-01',3,45.94),(1158,3,6,34,90,'2024-04-24',3,41.35),(1159,6,2,45,67,'2025-02-22',2,43.55),(1160,2,3,18,1,'2024-04-30',4,30.45),(1161,6,1,77,89,'2024-02-12',2,20.33),(1162,6,6,21,12,'2024-05-20',2,4.73),(1163,3,4,2,79,'2024-03-31',4,0.89),(1164,4,1,75,18,'2024-09-06',3,2.53),(1165,1,4,31,33,'2024-03-29',4,62.82),(1166,5,1,82,72,'2024-08-09',4,30.76),(1167,6,5,17,53,'2024-08-21',4,12.61),(1168,2,6,86,7,'2024-03-13',4,27.31),(1169,6,10,33,9,'2024-07-12',2,70.38),(1170,3,2,15,81,'2024-11-06',4,42.35),(1171,2,5,64,12,'2024-11-17',4,34.44),(1172,5,1,11,20,'2024-08-09',2,44.8),(1173,4,4,77,86,'2024-08-26',3,69.75),(1174,1,3,10,66,'2024-10-04',2,21.76),(1175,1,6,9,17,'2024-07-05',2,13.19),(1176,5,1,30,85,'2024-10-24',4,37.37),(1177,3,8,78,66,'2024-10-15',1,48.4),(1178,4,7,30,60,'2024-03-08',1,52.93),(1179,4,7,73,26,'2024-08-18',2,40.76),(1180,4,1,48,33,'2024-05-01',4,20.53),(1181,4,9,80,36,'2024-12-10',1,44.39),(1182,4,5,35,17,'2024-04-02',4,40.36),(1183,6,6,10,32,'2025-01-24',1,31.54),(1184,1,4,55,42,'2024-09-11',4,57.71),(1185,2,3,1,83,'2024-07-23',4,55),(1186,5,7,63,86,'2024-10-07',2,56.14),(1187,5,8,13,40,'2024-05-29',4,61.14),(1188,4,6,21,79,'2024-03-15',4,41.17),(1189,4,2,93,92,'2024-08-22',1,24.85),(1190,2,8,4,5,'2024-12-22',3,66.56),(1191,6,8,88,56,'2024-02-26',1,27.13),(1192,6,6,80,79,'2025-02-05',2,12.38),(1193,4,5,41,75,'2024-10-09',4,6.6),(1194,1,7,56,92,'2024-09-25',1,40.76),(1195,4,9,82,74,'2025-01-30',2,33.55),(1196,6,10,2,48,'2024-12-25',4,49.84),(1197,4,5,89,69,'2024-09-17',3,71.64),(1198,3,2,29,76,'2024-11-12',2,35.6),(1199,1,1,97,33,'2024-12-06',2,28.94),(1200,3,7,90,33,'2025-02-17',1,1.67),(1201,1,6,70,25,'2024-07-14',3,14.6),(1202,1,9,93,48,'2024-11-30',1,13.71),(1203,5,1,100,78,'2024-12-23',1,69.33),(1204,3,7,52,16,'2024-06-15',1,67.73),(1205,1,7,10,60,'2024-08-04',4,3.13),(1206,5,2,60,60,'2024-06-23',4,70.52),(1207,4,4,4,7,'2024-06-27',3,50.57),(1208,6,3,50,30,'2024-02-11',3,46.63),(1209,4,10,27,70,'2024-05-24',2,58.87),(1210,2,8,24,82,'2024-02-02',3,47.91),(1211,1,4,98,37,'2024-02-13',1,52.98),(1212,4,7,32,58,'2024-11-28',2,13.07),(1213,3,1,100,29,'2024-06-07',3,5.01),(1214,4,4,49,60,'2024-04-08',1,24.17),(1215,2,6,30,44,'2024-07-13',2,25.91),(1216,3,1,87,91,'2024-03-27',1,1.28),(1217,5,9,98,56,'2025-02-21',2,19.03),(1218,1,10,13,70,'2024-01-07',2,20.61),(1219,2,10,98,54,'2024-01-19',4,37.36),(1220,2,6,76,28,'2024-11-07',2,47.26),(1221,6,8,27,42,'2024-04-25',4,20.7),(1222,2,7,89,15,'2024-05-16',1,70.08),(1223,2,1,12,32,'2024-11-09',4,11.92),(1224,3,1,39,33,'2024-02-06',1,71.61),(1225,1,2,64,14,'2024-06-24',3,16.42),(1226,4,8,61,39,'2024-07-15',2,60.33),(1227,2,10,36,61,'2025-01-03',4,1.74),(1228,1,6,73,41,'2024-08-05',2,70.05),(1229,4,7,69,4,'2024-12-03',4,8.15),(1230,2,10,11,41,'2024-08-10',2,49.83),(1231,4,6,37,34,'2024-07-01',1,47.21),(1232,2,7,32,43,'2024-07-04',3,29.45),(1233,6,9,30,15,'2024-08-12',1,47.56),(1234,3,10,27,86,'2024-04-25',3,37.42),(1235,4,1,61,9,'2024-08-02',3,22.97),(1236,4,2,57,7,'2024-12-10',2,50.95),(1237,6,10,26,84,'2024-10-27',2,58.67),(1238,1,3,4,74,'2024-07-28',4,63.93),(1239,1,2,22,29,'2024-03-18',2,28.37),(1240,1,8,77,88,'2024-08-12',4,15.6),(1241,3,2,99,98,'2024-02-21',2,16.22),(1242,6,10,11,73,'2024-06-03',4,48.34),(1243,6,6,24,67,'2024-10-14',4,10.16),(1244,6,3,65,29,'2024-10-10',4,63.12),(1245,5,9,59,37,'2024-02-17',1,7.36),(1246,6,8,68,24,'2024-05-22',1,6.85),(1247,6,8,100,69,'2025-02-07',3,45.66),(1248,2,6,9,37,'2025-01-25',3,14.9),(1249,2,9,36,31,'2025-02-22',3,62.24),(1250,2,4,40,65,'2024-09-27',2,50.63),(1251,5,2,79,85,'2024-03-23',3,28.54),(1252,3,9,24,25,'2024-06-02',1,31.82),(1253,4,2,22,56,'2025-02-25',3,22.76),(1254,5,1,40,79,'2024-03-09',1,58.34),(1255,6,4,64,16,'2024-02-13',4,31.94),(1256,2,4,68,79,'2024-04-28',3,63.1),(1257,2,4,48,64,'2025-01-14',3,5.62),(1258,2,3,85,3,'2024-02-27',3,39.31),(1259,3,1,41,97,'2024-07-05',1,59.08),(1260,3,3,38,29,'2024-07-29',4,66.27),(1261,6,4,27,90,'2024-09-04',3,17.92),(1262,3,2,50,88,'2024-11-17',4,12.08),(1263,3,5,53,69,'2024-04-06',3,29.36),(1264,1,10,98,3,'2024-04-07',4,24.75),(1265,2,2,61,30,'2024-05-13',1,45.08),(1266,6,3,95,80,'2024-07-10',1,40.89),(1267,1,2,99,70,'2024-11-06',4,41.94),(1268,1,1,75,83,'2025-01-24',2,32.6),(1269,5,2,94,52,'2024-08-21',4,68.37),(1270,1,4,35,14,'2024-02-10',1,54.47),(1271,2,2,88,2,'2024-07-23',4,52.51),(1272,1,9,53,52,'2024-08-10',2,59.12),(1273,5,9,56,11,'2025-02-14',4,37.5),(1274,2,8,89,28,'2024-04-28',1,71.17),(1275,5,1,48,43,'2024-01-25',4,1.9),(1276,6,6,70,88,'2024-10-03',3,16),(1277,3,8,10,85,'2024-03-03',1,35.49),(1278,3,4,59,31,'2024-11-27',4,62.3),(1279,5,2,37,48,'2024-08-20',4,49.1),(1280,1,6,20,84,'2024-01-25',4,33.79),(1281,2,8,91,91,'2024-04-16',3,43.8),(1282,1,7,20,70,'2024-06-18',4,55.9),(1283,6,1,11,1,'2025-01-28',2,29.69),(1284,6,8,94,78,'2024-01-23',2,36.02),(1285,5,6,42,9,'2024-06-21',2,27.36),(1286,1,5,16,97,'2025-01-22',3,66.25),(1287,2,6,56,29,'2024-08-15',4,63.31),(1288,4,2,49,48,'2024-10-20',3,23.69),(1289,5,4,47,43,'2024-01-31',4,34.49),(1290,6,3,6,54,'2024-04-26',3,36.32),(1291,3,8,2,56,'2024-05-28',1,50.15),(1292,3,1,66,88,'2024-05-02',2,2.64),(1293,2,1,53,51,'2024-12-19',1,4.18),(1294,4,2,87,83,'2024-09-18',4,48.99),(1295,2,5,49,18,'2024-12-25',1,17.95),(1296,3,2,21,48,'2025-01-17',3,29.38),(1297,6,4,30,59,'2024-06-15',1,27.88),(1298,3,3,56,19,'2024-07-22',2,29.32),(1299,4,5,76,67,'2024-11-19',4,34.71),(1300,1,2,62,98,'2025-02-21',1,2.23),(1301,4,3,40,29,'2024-07-15',3,63.42),(1302,3,6,23,37,'2025-01-21',4,33.71),(1303,2,4,84,45,'2024-03-12',4,70.56),(1304,6,7,22,23,'2024-09-25',1,6.11),(1305,5,8,21,73,'2024-09-10',1,33.21),(1306,4,3,65,80,'2024-02-25',3,51.43),(1307,2,5,89,84,'2024-09-09',2,14.9),(1308,6,8,24,94,'2024-08-29',3,29.64),(1309,4,6,100,14,'2024-07-26',2,48.31),(1310,4,10,27,79,'2024-12-31',3,11.51),(1311,4,3,6,50,'2024-02-10',2,46.23),(1312,1,1,94,100,'2024-06-11',4,39.89),(1313,3,10,99,51,'2024-09-05',4,47.55),(1314,5,4,82,81,'2024-11-17',3,43.61),(1315,3,7,83,89,'2025-01-20',1,69.26),(1316,1,3,6,66,'2024-04-24',2,32.65),(1317,2,8,41,60,'2024-08-08',1,36.26),(1318,2,3,3,79,'2024-01-05',4,47.16),(1319,4,10,54,42,'2025-02-19',4,32.18),(1320,1,9,97,68,'2024-08-21',2,0.8),(1321,2,6,66,10,'2024-05-26',1,48.65),(1322,1,3,65,15,'2024-12-07',2,42.88),(1323,3,2,60,87,'2025-01-21',1,24.73),(1324,1,1,28,90,'2024-11-06',3,63.39),(1325,1,7,23,91,'2024-02-17',3,67.58),(1326,4,3,90,8,'2024-02-17',3,23.12),(1327,6,5,81,4,'2024-05-17',2,6.46),(1328,6,7,69,93,'2024-04-02',1,63.71),(1329,4,7,54,39,'2024-07-19',4,1.5),(1330,2,4,38,54,'2024-04-03',3,66.31),(1331,3,4,83,34,'2024-01-22',3,2.81),(1332,6,2,72,58,'2024-11-30',4,0.57),(1333,4,10,27,71,'2024-11-29',2,65.42),(1334,4,10,94,19,'2024-07-17',3,66.14),(1335,5,6,58,100,'2024-12-14',1,60.25),(1336,6,7,69,38,'2024-01-06',2,10.16),(1337,4,6,63,23,'2024-03-23',4,28.07),(1338,2,3,42,65,'2024-01-03',4,22.41),(1339,6,3,57,57,'2024-05-01',2,7.04),(1340,5,2,2,26,'2024-01-27',1,36.11),(1341,5,7,43,16,'2025-02-24',1,27.98),(1342,1,6,39,21,'2024-01-15',4,5.59),(1343,3,8,28,100,'2024-06-01',1,55.92),(1344,1,4,73,19,'2024-10-28',3,71.96),(1345,1,6,72,94,'2024-06-21',4,27.28),(1346,6,3,39,8,'2025-01-19',2,68.58),(1347,1,8,51,89,'2024-12-10',3,54.02),(1348,3,5,47,62,'2024-10-09',2,40.54),(1349,6,5,4,59,'2024-01-24',4,32.32),(1350,5,10,61,84,'2024-09-15',3,25.71),(1351,6,1,21,29,'2025-02-07',2,48.69),(1352,6,3,90,97,'2024-12-05',3,38.46),(1353,5,8,43,68,'2024-08-27',4,32.01),(1354,3,7,19,10,'2024-04-03',2,69.44),(1355,2,10,13,82,'2024-04-06',3,51.17),(1356,1,3,61,45,'2024-06-23',4,1.71),(1357,2,3,54,17,'2025-01-27',3,53.29),(1358,6,8,38,28,'2024-09-12',2,10.46),(1359,2,2,29,31,'2025-01-01',3,68.31),(1360,6,1,10,26,'2024-07-03',3,18.27),(1361,4,9,51,1,'2024-06-15',4,36.36),(1362,3,10,23,45,'2025-02-25',1,42.06),(1363,1,4,79,33,'2025-02-01',1,19.64),(1364,2,9,24,63,'2024-02-15',2,65.77),(1365,2,5,30,80,'2024-09-16',4,20.09),(1366,3,1,27,50,'2024-03-25',2,37.37),(1367,3,6,13,81,'2024-12-01',2,60.52),(1368,5,8,45,89,'2024-09-26',3,66.68),(1369,4,6,13,18,'2024-10-30',4,11.89),(1370,2,1,49,70,'2024-11-13',3,8.94),(1371,5,9,30,77,'2024-06-06',2,24.64),(1372,4,9,77,60,'2024-11-22',4,15.72),(1373,6,9,55,72,'2024-09-30',4,42.9),(1374,3,9,72,33,'2024-04-08',2,22.57),(1375,5,4,21,67,'2024-07-03',4,71.19),(1376,4,10,46,81,'2024-08-02',4,17.71),(1377,6,2,31,38,'2024-04-10',2,22.69),(1378,5,6,100,35,'2024-11-15',1,7.03),(1379,1,3,32,82,'2025-01-22',2,7.1),(1380,1,8,80,64,'2024-02-21',2,68.99),(1381,2,6,74,93,'2024-05-26',2,63.37),(1382,1,3,5,10,'2024-06-04',4,30.34),(1383,1,4,66,57,'2024-06-05',4,45.02),(1384,6,3,5,42,'2024-03-07',3,46.6),(1385,2,4,32,52,'2024-09-24',3,32.58),(1386,4,1,95,67,'2024-09-10',3,36.93),(1387,1,9,93,55,'2024-11-04',2,28.19),(1388,3,4,34,39,'2024-05-16',2,50.09),(1389,1,8,4,84,'2024-10-22',4,58.1),(1390,5,9,69,19,'2024-01-02',4,32.4),(1391,6,5,42,5,'2024-12-18',3,44.1),(1392,5,5,21,75,'2024-05-19',3,23.23),(1393,4,7,34,95,'2024-05-22',4,38.86),(1394,1,9,46,84,'2024-11-04',3,60.64),(1395,6,2,57,2,'2024-06-07',3,0.86),(1396,5,10,47,28,'2024-05-26',3,31.19),(1397,4,2,69,59,'2025-01-11',2,12.5),(1398,5,9,87,66,'2024-09-27',4,49.56),(1399,2,7,11,99,'2024-05-04',4,70.94),(1400,3,5,44,85,'2024-06-30',4,43.64),(1401,5,1,77,5,'2024-11-16',2,70.71),(1402,3,1,98,95,'2024-10-29',3,49.87),(1403,1,4,6,86,'2024-02-25',3,62.68),(1404,2,4,18,77,'2024-07-27',4,62.52),(1405,6,7,1,98,'2024-09-22',3,7.46),(1406,6,1,60,8,'2024-03-24',1,40.59),(1407,3,2,61,36,'2024-12-08',3,63.93),(1408,6,8,57,48,'2024-02-22',2,15.49),(1409,1,10,49,69,'2024-12-02',4,5.42),(1410,6,8,24,11,'2024-09-06',3,65.27),(1411,6,8,5,39,'2024-08-11',1,22.49),(1412,3,10,85,59,'2024-03-11',1,15.32),(1413,6,3,8,38,'2024-06-20',3,60.93),(1414,4,4,43,35,'2025-02-15',3,47.42),(1415,6,10,42,70,'2024-08-23',2,33.15),(1416,6,5,80,58,'2024-12-12',1,52.75),(1417,1,4,78,86,'2025-01-18',2,2.45),(1418,5,10,72,86,'2024-09-03',3,4.31),(1419,6,9,37,2,'2024-07-22',3,25.61),(1420,6,8,48,85,'2024-11-06',3,57.54),(1421,6,9,54,29,'2024-04-21',4,60.01),(1422,6,1,49,34,'2024-02-26',1,13.34),(1423,3,7,45,21,'2024-06-05',3,65.95),(1424,1,4,84,15,'2024-09-20',4,19.6),(1425,1,8,26,7,'2024-09-23',3,25.84),(1426,3,6,88,41,'2024-02-06',2,47.3),(1427,3,5,14,15,'2024-05-05',3,21.36),(1428,4,1,76,87,'2024-06-27',1,14.53),(1429,4,5,28,25,'2024-11-11',1,8.42),(1430,2,6,61,94,'2024-10-25',1,33.93),(1431,3,2,34,41,'2024-08-17',4,37.95),(1432,1,5,13,61,'2024-04-03',3,24.74),(1433,1,1,10,74,'2024-10-25',3,3.39),(1434,3,7,56,11,'2024-03-07',2,31.34),(1435,5,6,60,14,'2024-10-28',4,46.52),(1436,1,2,10,2,'2024-08-06',2,41.73),(1437,3,6,29,42,'2024-10-16',1,2.92),(1438,3,3,98,1,'2025-01-13',4,66.96),(1439,5,10,23,47,'2025-01-03',1,41.08),(1440,4,3,22,40,'2024-10-06',3,12.18),(1441,4,9,77,10,'2024-04-16',3,15.19),(1442,2,4,41,63,'2024-07-11',3,55.85),(1443,6,4,77,72,'2024-08-23',3,54.52),(1444,5,7,54,39,'2024-05-14',4,50.96),(1445,3,4,64,23,'2025-01-02',2,25.1),(1446,3,5,89,17,'2025-01-09',2,55.51),(1447,1,10,34,87,'2025-02-10',2,64.93),(1448,6,7,19,87,'2024-10-12',4,24.51),(1449,4,5,59,98,'2024-12-08',2,36.51),(1450,1,1,38,25,'2024-08-05',1,36.22),(1451,6,6,24,44,'2024-05-27',2,32.2),(1452,1,3,59,69,'2024-12-26',4,49.46),(1453,2,4,50,58,'2024-08-09',3,41.98),(1454,3,8,51,22,'2024-05-05',4,63.12),(1455,4,9,79,88,'2024-09-28',1,65.43),(1456,3,2,82,34,'2024-08-09',1,39.46),(1457,4,4,42,46,'2024-11-07',2,54.29),(1458,1,5,96,65,'2024-05-13',4,40.29),(1459,5,1,72,96,'2024-07-17',1,36.97),(1460,2,1,67,14,'2024-05-29',2,64.19),(1461,6,5,56,28,'2025-01-20',3,6.84),(1462,3,1,76,22,'2024-09-20',4,37.59),(1463,1,2,14,72,'2024-07-08',1,40.65),(1464,1,8,50,35,'2024-02-20',3,35.22),(1465,4,9,89,50,'2024-01-24',3,58.73),(1466,1,1,72,98,'2024-04-26',2,31.22),(1467,5,9,88,71,'2024-04-21',2,60.2),(1468,3,3,88,94,'2024-02-24',1,68.15),(1469,5,1,75,42,'2024-07-13',3,19.03),(1470,2,9,72,37,'2024-08-20',3,19.62),(1471,6,7,41,38,'2024-05-24',1,52.65),(1472,3,2,28,47,'2024-06-26',3,27),(1473,2,8,51,97,'2024-11-03',2,56.44),(1474,1,8,6,41,'2024-10-31',2,13.33),(1475,2,9,28,18,'2024-11-13',2,35.21),(1476,6,6,18,46,'2024-03-29',2,56.89),(1477,3,8,13,10,'2024-10-14',2,56.99),(1478,3,5,54,77,'2024-03-19',3,46.36),(1479,5,10,67,98,'2024-10-05',1,67.91),(1480,1,6,22,6,'2025-02-12',3,60.4),(1481,1,2,50,56,'2024-12-17',3,49.52),(1482,6,2,46,30,'2025-02-19',3,19.62),(1483,6,5,28,21,'2024-06-26',3,53.24),(1484,3,1,71,70,'2024-06-25',2,23.96),(1485,3,2,18,78,'2024-12-11',4,17.98),(1486,5,9,5,43,'2024-06-17',4,42.7),(1487,4,5,73,88,'2024-11-03',3,44.07),(1488,5,1,14,51,'2024-01-23',1,22.21),(1489,3,5,28,72,'2024-11-08',4,58.8),(1490,1,5,10,74,'2024-05-21',4,1.41),(1491,3,4,7,73,'2025-01-23',2,6.57),(1492,6,10,1,85,'2024-08-15',3,27.39),(1493,3,10,86,21,'2025-02-05',4,44.22),(1494,1,2,93,32,'2024-09-23',3,21.49),(1495,5,2,12,99,'2024-12-27',1,20.59),(1496,2,7,78,7,'2024-06-14',3,35.81),(1497,4,3,51,44,'2024-06-08',1,18),(1498,4,7,96,10,'2024-12-10',2,29.48),(1499,4,4,43,2,'2024-05-28',2,4.79),(1500,4,7,15,26,'2024-08-02',4,68.3);
/*!40000 ALTER TABLE `incidentes` ENABLE KEYS */;
UNLOCK TABLES;

--
-- Table structure for table `localizacoes`
--

DROP TABLE IF EXISTS `localizacoes`;
/*!40101 SET @saved_cs_client     = @@character_set_client */;
/*!50503 SET character_set_client = utf8mb4 */;
CREATE TABLE `localizacoes` (
  `ID` int NOT NULL,
  `Origem` varchar(50) DEFAULT NULL,
  PRIMARY KEY (`ID`)
) ENGINE=InnoDB DEFAULT CHARSET=utf8mb4 COLLATE=utf8mb4_0900_ai_ci;
/*!40101 SET character_set_client = @saved_cs_client */;

--
-- Dumping data for table `localizacoes`
--

LOCK TABLES `localizacoes` WRITE;
/*!40000 ALTER TABLE `localizacoes` DISABLE KEYS */;
INSERT INTO `localizacoes` VALUES (1,'Estados Unidos'),(2,'Brasil'),(3,'Rssia'),(4,'China'),(5,'Alemanha'),(6,'ndia'),(7,'Reino Unido'),(8,'Frana'),(9,'Japo'),(10,'Canad');
/*!40000 ALTER TABLE `localizacoes` ENABLE KEYS */;
UNLOCK TABLES;

--
-- Table structure for table `severidade`
--

DROP TABLE IF EXISTS `severidade`;
/*!40101 SET @saved_cs_client     = @@character_set_client */;
/*!50503 SET character_set_client = utf8mb4 */;
CREATE TABLE `severidade` (
  `ID` int NOT NULL,
  `Severidade` varchar(10) DEFAULT NULL,
  PRIMARY KEY (`ID`)
) ENGINE=InnoDB DEFAULT CHARSET=utf8mb4 COLLATE=utf8mb4_0900_ai_ci;
/*!40101 SET character_set_client = @saved_cs_client */;

--
-- Dumping data for table `severidade`
--

LOCK TABLES `severidade` WRITE;
/*!40000 ALTER TABLE `severidade` DISABLE KEYS */;
INSERT INTO `severidade` VALUES (1,'Baixa'),(2,'Mdia'),(3,'Alta'),(4,'Crtica');
/*!40000 ALTER TABLE `severidade` ENABLE KEYS */;
UNLOCK TABLES;

--
-- Table structure for table `tiposataques`
--

DROP TABLE IF EXISTS `tiposataques`;
/*!40101 SET @saved_cs_client     = @@character_set_client */;
/*!50503 SET character_set_client = utf8mb4 */;
CREATE TABLE `tiposataques` (
  `ID` int NOT NULL,
  `TipoAtaque` varchar(50) DEFAULT NULL,
  PRIMARY KEY (`ID`)
) ENGINE=InnoDB DEFAULT CHARSET=utf8mb4 COLLATE=utf8mb4_0900_ai_ci;
/*!40101 SET character_set_client = @saved_cs_client */;

--
-- Dumping data for table `tiposataques`
--

LOCK TABLES `tiposataques` WRITE;
/*!40000 ALTER TABLE `tiposataques` DISABLE KEYS */;
INSERT INTO `tiposataques` VALUES (1,'Phishing'),(2,'Malware'),(3,'Brute Force'),(4,'DDoS'),(5,'Ransomware'),(6,'Spyware');
/*!40000 ALTER TABLE `tiposataques` ENABLE KEYS */;
UNLOCK TABLES;

--
-- Table structure for table `usuarios`
--

DROP TABLE IF EXISTS `usuarios`;
/*!40101 SET @saved_cs_client     = @@character_set_client */;
/*!50503 SET character_set_client = utf8mb4 */;
CREATE TABLE `usuarios` (
  `ID` int NOT NULL,
  `UsuarioAfetado` varchar(50) DEFAULT NULL,
  PRIMARY KEY (`ID`)
) ENGINE=InnoDB DEFAULT CHARSET=utf8mb4 COLLATE=utf8mb4_0900_ai_ci;
/*!40101 SET character_set_client = @saved_cs_client */;

--
-- Dumping data for table `usuarios`
--

LOCK TABLES `usuarios` WRITE;
/*!40000 ALTER TABLE `usuarios` DISABLE KEYS */;
INSERT INTO `usuarios` VALUES (1,'user_1'),(2,'user_2'),(3,'user_3'),(4,'user_4'),(5,'user_5'),(6,'user_6'),(7,'user_7'),(8,'user_8'),(9,'user_9'),(10,'user_10'),(11,'user_11'),(12,'user_12'),(13,'user_13'),(14,'user_14'),(15,'user_15'),(16,'user_16'),(17,'user_17'),(18,'user_18'),(19,'user_19'),(20,'user_20'),(21,'user_21'),(22,'user_22'),(23,'user_23'),(24,'user_24'),(25,'user_25'),(26,'user_26'),(27,'user_27'),(28,'user_28'),(29,'user_29'),(30,'user_30'),(31,'user_31'),(32,'user_32'),(33,'user_33'),(34,'user_34'),(35,'user_35'),(36,'user_36'),(37,'user_37'),(38,'user_38'),(39,'user_39'),(40,'user_40'),(41,'user_41'),(42,'user_42'),(43,'user_43'),(44,'user_44'),(45,'user_45'),(46,'user_46'),(47,'user_47'),(48,'user_48'),(49,'user_49'),(50,'user_50'),(51,'user_51'),(52,'user_52'),(53,'user_53'),(54,'user_54'),(55,'user_55'),(56,'user_56'),(57,'user_57'),(58,'user_58'),(59,'user_59'),(60,'user_60'),(61,'user_61'),(62,'user_62'),(63,'user_63'),(64,'user_64'),(65,'user_65'),(66,'user_66'),(67,'user_67'),(68,'user_68'),(69,'user_69'),(70,'user_70'),(71,'user_71'),(72,'user_72'),(73,'user_73'),(74,'user_74'),(75,'user_75'),(76,'user_76'),(77,'user_77'),(78,'user_78'),(79,'user_79'),(80,'user_80'),(81,'user_81'),(82,'user_82'),(83,'user_83'),(84,'user_84'),(85,'user_85'),(86,'user_86'),(87,'user_87'),(88,'user_88'),(89,'user_89'),(90,'user_90'),(91,'user_91'),(92,'user_92'),(93,'user_93'),(94,'user_94'),(95,'user_95'),(96,'user_96'),(97,'user_97'),(98,'user_98'),(99,'user_99'),(100,'user_100');
/*!40000 ALTER TABLE `usuarios` ENABLE KEYS */;
UNLOCK TABLES;

--
-- Dumping routines for database 'ciberseguranca'
--
/*!40103 SET TIME_ZONE=@OLD_TIME_ZONE */;

/*!40101 SET SQL_MODE=@OLD_SQL_MODE */;
/*!40014 SET FOREIGN_KEY_CHECKS=@OLD_FOREIGN_KEY_CHECKS */;
/*!40014 SET UNIQUE_CHECKS=@OLD_UNIQUE_CHECKS */;
/*!40101 SET CHARACTER_SET_CLIENT=@OLD_CHARACTER_SET_CLIENT */;
/*!40101 SET CHARACTER_SET_RESULTS=@OLD_CHARACTER_SET_RESULTS */;
/*!40101 SET COLLATION_CONNECTION=@OLD_COLLATION_CONNECTION */;
/*!40111 SET SQL_NOTES=@OLD_SQL_NOTES */;

-- Dump completed on 2025-04-10 18:06:12
